name,id,creationdate,language,country,subscribers,viewcount,numvideos
netd müzik,UCR5wZcXtOUka8jTA57flzMg,2014-01-23T15:31:21Z,,TR,24900000,59004596662,24787
Movieclips,UC3gNmTGu-TTbFPpfSs5kNkg,2006-04-28T00:02:37Z,,US,60600000,60976279767,40079
Cocomelon - Nursery Rhymes,UCbCmjCuTUZos6Inko4u57UQ,2006-09-01T22:18:49Z,,US,171000000,177434874547,1079
Zee Marathi,UC82o9tQyo_cJhtyoFi-ROEw,2007-11-08T18:32:52Z,en-GB,IN,10200000,10923375957,132073
SET India,UCpEhnqL0y41EpW2TvWAHD7Q,2006-09-20T22:24:59Z,,IN,168000000,158462069087,129159
T-Series,UCq-Fj5jknLsUf-MWSy4_brA,2006-03-13T14:27:05Z,,IN,259000000,246384656499,20271
Zee TV,UCppHT7SZKKvar4Oc9J4oljQ,2005-12-11T06:23:26Z,en,IN,77300000,85301023949,162768
ABS-CBN Entertainment,UCstEtN0pgOmCf02EdXsGChw,2008-07-16T02:11:59Z,,PH,46800000,51809651924,210068
WWE,UCJ5v_MCY6GNUBTO8-D3XoAg,2007-05-11T01:20:02Z,,,99400000,81541346174,73909
Ryan's World,UChGJGhZ9SOOHvBB0Y4DOO_w,2015-03-17T00:18:47Z,,US,36300000,56744815517,2658
Canal KondZilla,UCffDXn7ycAzwL2LDlbyWOTw,2012-03-21T23:40:47Z,,BR,66900000,37857955795,2737
Like Nastya,UCJplp5SjeGSdVdwsfb9Q7lQ,2016-12-06T12:15:52Z,,US,112000000,97522732603,865
Vlad and Niki,UCvlE5gTbOvjiolFlEm-c_Ow,2018-04-23T13:58:18Z,,US,110000000,84981824647,656
WorkpointOfficial,UC3ZkCd7XtUREnjjt3cyY_gg,2012-11-05T04:27:20Z,,TH,40200000,37468043969,78578
Badabun,UCYWOjHweP2V-8kGKmmAmQJQ,2014-10-14T00:15:54Z,,MX,47300000,19645591149,20647
Ch3Thailand,UC48h7Dst_hX82HxOf3xJw_w,2014-05-29T07:24:43Z,,TH,34600000,30508515231,99530
WORLDSTARHIPHOP,UC-yXuc1__OzjwpsJPlxYUCQ,2008-11-08T13:30:04Z,,US,26800000,20792219558,6983
Ozuna,UCjIA3wwhi0QjSOXAZwOXbPA,2016-03-24T19:55:58Z,,PR,36600000,24216600793,225
WaveMusic,UCbuK8xxu2P_sqoMnDsoBrrg,2011-12-20T23:39:50Z,,US,4670000,2344604779,1943
5-Minute Crafts,UC295-Dw_tDNtZXFeAPAW6Aw,2016-11-15T09:25:37Z,,US,80600000,27036875011,6857
Shemaroo Filmi Gaane,UCP6uH_XlsxrXwZQ4DlqbqPg,2010-06-11T05:33:27Z,,IN,67500000,29812449375,8744
Plot Twist,UC8D3BeV7T9LEXQF2xieS46g,2012-02-21T20:03:17Z,,US,2170000,108633726,959
XXXTENTACION,UCM9r1xn6s30OnlJWb-jc3Sw,2015-06-23T01:27:37Z,,US,39900000,10853942580,135
HYBE LABELS,UC3IZKseVpdzPSBaWxBxundA,2008-06-04T08:23:22Z,,KR,73900000,32231423594,1612
Zee Bangla,UCeMsqI6jU9WE2ctsrbxbywQ,2008-02-26T05:51:58Z,en-GB,IN,15800000,12651337956,148364
El Reino Infantil,UCK1i2UviaXLUNrZlAFpw_jA,2011-06-02T16:20:07Z,,AR,62500000,57709264145,1386
Zee Music Company,UCFFbwnve3yF62-tVXkTyHqg,2014-03-12T11:59:25Z,,IN,104000000,63837288951,10027
Zee Telugu,UC3PYGKK29qJ0zu-eEthHK4g,2008-03-14T13:56:51Z,en-GB,IN,15000000,11122063852,136597
ETV Andhra Pradesh,UCJi8M0hRKjz8SLPvJKEVTOg,2011-10-28T11:51:58Z,,,6110000,4351830644,368605
Sony SAB,UC6-F5tO8uklgE9Zy8IvbdFw,2007-08-04T16:05:01Z,,IN,89300000,110277902660,79552
GMA  Network,UCKL5hAuzgFQsyrsQKgU0Qng,2006-11-20T08:10:55Z,,PH,34200000,25486811017,123431
Toys and Colors,UCgFXm4TI8htWmCyJ6cVPG_A,2016-03-17T20:35:54Z,,US,51400000,58694999192,1154
Colors TV,UC55IWqFLDH1Xp7iu1_xknRA,2008-06-13T11:09:32Z,,IN,70400000,67934562744,132168
Goldmines,UCyoXW-Dse7fURq30EWl_CUA,2012-01-21T08:42:21Z,,IN,94200000,27879514307,7644
Zé Neto e Cristiano,UCRRu9OXVYd5clj2Bs29gUVQ,2012-04-03T02:16:02Z,,BR,15300000,12669536417,394
CKN ,UCfaZw8XH_zmAVkBst_MPD6w,2015-03-28T04:11:34Z,,AU,18800000,12659342190,492
ToyPuddingTV,UCKqx9r4mrFglauNBJc1L_eg,2014-05-13T14:31:31Z,en,KR,27200000,16072461848,2416
Like Nastya Show,UCS94J1s6-qc8v7btCdS2pNg,2017-11-14T14:56:43Z,,US,42900000,20112191288,675
Manorama News,UCP0uG-mcMImgKnJz-VjJZmQ,2014-06-03T06:49:44Z,,IN,8630000,9568891063,429326
ช่อง one31,UC8f7MkX4MFOOJ2SerXLInCA,2013-01-10T12:27:39Z,,TH,39200000,26856574396,132291
Speed Records,UCOsyDsO5tIt-VZ1iwjdQmew,2012-11-22T10:36:15Z,,IN,43300000,28009225929,11273
Infobells - Hindi,UC1ciY6kR3yj3kaKZ6R7ewAg,2014-06-06T15:24:36Z,,IN,59400000,34319071901,640
RedeTV,UCd7VVhgnd2eCv9JEghvR_1w,2011-10-18T12:22:19Z,,BR,13300000,5475458235,39746
T-Series Apna Punjab,UCcvNYxWXR_5TjVK7cSCdW-g,2011-09-26T11:44:33Z,en,IN,35900000,22762221018,8162
Inside Edition,UC9k-yiEpRHMNVOnOi_aQK8w,2012-10-09T00:36:32Z,,US,12900000,23362701879,33355
T-Series Bhakti Sagar,UCaayLD9i5x4MmIoVZxXSv_g,2011-02-13T18:21:00Z,,IN,65900000,32629543751,27255
GRAMMY GOLD OFFICIAL,UCFWsjsN53Sqvg2pWhSFmWBQ,2014-01-15T17:12:46Z,th,TH,19400000,21475265545,6795
Bouncing Baby TV,UCKRavtVhYBxTzigyGVLPPZQ,2016-03-25T20:21:04Z,,US,4880000,368391305,44
GR6 EXPLODE,UCNUQK9mQoqi4yNXw2_Rj6SA,2014-08-05T05:21:03Z,,BR,40100000,27072721648,3217
Sony Music India,UC56gTxNs4f9xZ7Pa2i5xNzg,2009-09-02T23:16:22Z,,IN,59200000,30759967817,4364
CVS 3D Rhymes & Kids Songs,UCsPF3cApzCohxPp5oKdoWSQ,2008-08-26T12:03:39Z,,,35000000,21280802794,338
الـريماس - Al-Remas,UCVrstuGnHjpUXr9G98wwKow,2013-09-27T19:19:47Z,,IQ,17700000,11490080440,2209
1theK (원더케이),UCweOkPb1wVVH0Q0Tlj4a5Pw,2011-01-31T07:04:16Z,en,,24700000,24760710821,19727
Maroon5VEVO,UCN1hnUccO4FD5WfM7ithXaw,2009-05-12T05:28:41Z,en,US,14400000,20709923056,148
La Granja de Zenón,UCwpcLKMwiuPg4aqImpGk6Ew,2013-06-06T19:25:27Z,,AR,38400000,29611276840,696
Boram Tube ToysReview [보람튜브 토이리뷰],UC3pnQ7MHDABUFungNcMQ7dA,2016-05-18T18:09:14Z,,KR,14600000,5052571821,637
✿ Kids Diana Show,UCk8GzjMOrta8yxDcKfylJYw,2015-05-12T08:26:57Z,ru,US,119000000,99958151230,1159
Tips Official,UCJrDMFOdv1I2k8n9oK_V21w,2007-05-22T10:13:28Z,,IN,63600000,36662714767,5378
Pencilmation,UCUAL--p3qAa27luR0IYbjZA,2007-02-01T03:30:32Z,,US,20000000,11445676324,1591
Ultra Bollywood,UCmL1WlDI8UkXDXCXcBQN9CA,2009-10-21T12:28:20Z,,IN,38500000,15544211259,9423
POPS Kids,UC5ezaYrzZpyItPSRG27MLpg,2014-01-14T10:34:15Z,,VN,16900000,10906058477,3362
FGTeeV,UCC-RHF_77zQdKcA75hr5oTQ,2013-05-24T04:54:22Z,,US,22900000,24660521916,1789
Vijay Television,UCvrhwpnp2DHYQ1CbXby9ypQ,2007-02-01T11:57:18Z,,IN,22800000,36803806238,64159
Blossom,UC2WuPTt0k8yDJpfenggOAVQ,2017-06-01T16:42:51Z,,US,12900000,5118361911,992
DokuzSekiz Müzik,UCbCFxJq-fCwiEo9CgowI7CQ,2012-09-26T13:02:24Z,tr,TR,3510000,4794208353,2938
Ed Sheeran - Topic,UClmXPfaYhXOYsNn_QUyheWQ,2013-07-03T16:09:35Z,,,565000,3286541033,773
Shemaroo Movies,UCBOmfqgTZi7yDp4-3Lr_3lA,2011-03-01T09:00:12Z,,IN,31200000,8629400426,3329
Goldmines Gaane Sune Ansune,UCtW7qWjpCZ8zps-Cf2NF26w,2015-08-24T08:17:50Z,,IN,40800000,18099431308,3682
SonyMusicIndiaVEVO,UC3MLnJtqc_phABBriLRhtgQ,2009-09-02T23:38:43Z,en,,49100000,29647221590,3678
Pinkfong Baby Shark - Kids' Songs & Stories,UCcdwLMPsaU2ezNSJU1nFoBQ,2011-12-14T04:54:24Z,,US,72700000,41945221221,3162
Valentina Pontes ofc,UC0ebPa2q1rwZVN7dYemunUQ,2014-04-14T03:10:28Z,pt,BR,23800000,8249169847,1388
Get Movies,UClZkHt2kNIgyrTTPnSQV3SA,2006-12-16T19:24:29Z,ru,RU,49500000,32022552323,3403
Caue Moura,UCm2CE2YfpmobBmF8ARLPzAw,2010-03-19T01:10:12Z,en,BR,5160000,735249211,908
Asianet,UCp_r6Z-Oh0YTf-ym71z5Nqg,2008-01-08T21:42:08Z,,IN,10200000,16817138983,125003
Eros Now Music,UCX52tYZiEh_mHoFja3Veciw,2007-02-27T20:07:38Z,,IN,33500000,18635076434,9848
Doggy Doggy Cartoons,UC_W0_Nv-3rxpWVvosddhrPw,2012-12-11T21:07:17Z,,ES,16700000,6526139547,4787
SMTOWN,UCEf_Bc-KVd7onSeifS3py9g,2006-03-18T15:43:10Z,,,32300000,28756290924,4305
Oyuncak Avı,UCjS0hMS5sneIgsb3PjBc0Bw,2014-12-29T21:39:52Z,,TR,15200000,8144370772,541
ChuChu TV Nursery Rhymes & Kids Songs,UCBnZ16ahKA2DZ_T5W0FPUXg,2013-02-09T07:51:48Z,,IN,69900000,49475304755,770
Маша и Медведь,UCRv76wLBC73jiP7LX4C3l8Q,2011-05-31T09:32:03Z,,RU,46600000,39000024282,1694
Galinha Pintadinha,UCBAb_DK4GYZqZR9MFA7y2Xg,2006-08-30T19:30:30Z,,BR,35100000,30791886618,66
Aditya Music India,UCNApqoVYJbYSrni4YsbXzyQ,2008-05-01T05:03:30Z,,IN,30600000,28171477708,22678
Zaz Official,UCmQZ7aYY8YH6HHhY2Jx2a9Q,2013-04-05T09:04:15Z,,,1580000,792335157,122
LazarBeam,UCw1SQ6QRRtfAhrN_cjkrOgA,2015-01-04T23:17:08Z,,AU,21500000,9205167024,1334
Felipe Neto,UCV306eHqgo0LvBf3Mh36AHg,2006-05-16T06:56:06Z,,BR,46100000,17362484371,4629
LooLoo Kids - Nursery Rhymes and Children's Songs,UC4NALVCmcmL5ntpV0thoH6w,2014-08-05T20:15:33Z,,US,56100000,33768271660,786
JM Films Bhojpuri,UC9prtcQZkLW4YiqkGDB6NkQ,2015-07-20T13:42:08Z,,IN,8950000,126084,13
hairong zheng,UCN3TByJL442xVqMvi3YwYUQ,2018-05-25T12:36:08Z,,,2010,0,0
Kids Line♡キッズライン,UCQs-tWGqacJ7vuuJDtXq28w,2011-11-26T07:56:45Z,ja,US,13900000,9762234504,2990
YRF,UCbTLwN10NoCU4WDzLf1JMOA,2006-06-07T23:07:50Z,,IN,58300000,39190901672,3958
Tekashi 6ix9ine,UCF6jRAgCbSanHolKt0Vt6Qw,2018-04-06T15:47:29Z,,US,22000000,6160416724,60
BRIGHT SIDE,UC4rlAVgAK0SGk-yTfe48Qpw,2017-03-15T11:17:50Z,,,44500000,10991427100,7288
NollywoodStreams,UCeDzVIfXdWZe7mCFduIRaFA,2013-03-05T11:44:04Z,,US,4510000,0,0
Vie Channel ,UCkna2OcuN1E6u5I8GVtdkOw,2012-06-04T08:47:14Z,,VN,10700000,5280134913,10310
BeckyGVEVO,UCJrREGJ2R1mMuKJkZ8SMCcA,2012-09-04T22:35:40Z,en,,6240000,10266536031,151
GMM GRAMMY OFFICIAL,UCG9gfnA5UDoLvz-tC9B-HKw,2010-11-08T03:39:50Z,,TH,23800000,26587027871,16523
LUCCAS NETO - LUCCAS TOON,UC_gV70G_Y51LTa3qhu8KiEA,2014-07-31T04:07:52Z,,BR,41900000,24053538010,2556
Drake - Topic,UCU6cE7pdJPc6DU2jSrKEsdQ,2013-07-03T07:08:41Z,,,1150000,5946154073,967
KaKa Kids TV - Nursery Rhymes Kids Animated Songs,UCmS8VxPXxv4ToYpw0Yc2PQA,2013-11-21T10:55:02Z,,US,11800000,480983,97
MGR PRODUCTION,UC2wil2nkrsKkI-0F7jmTLeQ,2017-05-14T09:01:32Z,,EG,2220000,1404269447,5396
T-Series Bollywood Classics,UCRm96I5kmb_iGFofE5N691w,2012-04-02T07:33:16Z,,IN,38700000,25000081535,2023
ImagineDragonsVEVO,UCpx_k19S2vUutWUUM9qmXEg,2012-01-23T18:04:00Z,en,,9550000,14604060121,222
mmoshaya,UCPOw2O3_uZ1doro9iR4x6vw,2010-12-11T23:16:51Z,,SA,22900000,17978867356,1211
CookieSwirlC,UCelMeixAOTs2OQAAi9wU8-g,2013-11-03T19:07:44Z,en,US,21000000,24530223604,3903
Rajshri,UCEKWXRsfUHkan-D_ljU8Asw,2006-03-24T03:45:24Z,,IN,35300000,16091936408,4107
Давай поиграем в игрушки,UCC-7t96Wrq1d5lwygxOvufQ,2016-05-11T11:10:57Z,,RU,10000000,3777505902,222
Wave Music,UC22nIfOTM7KLIQuFGMKzQbg,2014-10-29T06:45:10Z,,IN,60600000,41989644373,19884
And TV,UCxJcrDUc8awRSLzLbnIiAmQ,2015-01-02T10:46:39Z,en-GB,IN,20400000,18056107222,45751
BEE Gaming,UCKE6prY-lztVSD4YZt2Co4w,2014-04-26T14:24:08Z,en,US,3480000,2241050,1602
Venus Angelic Official,UCIyMwXronD5pT5cx-G_KSHA,2010-05-23T00:15:27Z,,JP,1770000,258123067,371
Vidol TV,UCTQ-gSOpuLtgQarXw3XVmyQ,2016-02-08T20:03:44Z,,TW,4000000,2335751680,21375
Fischer's-フィッシャーズ-,UCibEhpu5HP45-w7Bq1ZIulw,2012-08-24T03:11:12Z,ja,JP,8370000,17648384621,3494
SIS vs BRO,UChLN0bJgq6d15OK2HVB4YTg,2016-03-03T16:06:20Z,,CA,14200000,7061480710,365
shakiraVEVO,UCGnjeahCJW1AF34HBmQTJ-Q,2009-09-02T23:38:38Z,en,,18400000,26848682367,204
Scary Teacher IQ Game,UCyn4UphNjXY8ULKja5F9DBQ,2013-07-28T14:58:51Z,,US,7970000,155861,25
BillionSurpriseToys  - Nursery Rhymes & Cartoons,UCRx3mKNUdl8QE06nEug7p6Q,2013-10-25T23:18:43Z,en,US,55300000,11233937002,960
BLACKPINK,UCOmHUn--16B90oW2L6FRR3A,2016-06-29T03:15:23Z,,KR,92900000,34596981027,592
Super Simple Songs - Kids Songs,UCLsooMJoIpl_7ux2jvdPB-Q,2006-09-08T08:50:54Z,en,CA,41100000,48886885780,781
قناة طيور الجنة | toyoraljanahtv,UCozAuGJZ5MPoijz8IE_1Gtw,2008-11-24T00:22:53Z,ar,,31000000,28464836878,3263
Alan Walker,UCJrOtniJ0-NWz37R30urifQ,2012-08-25T20:55:38Z,,NO,44900000,13693266820,518
SebastianYatraVEVO,UC3Df9-SvQY9BbfCmyvR0J5A,2014-05-06T16:28:48Z,en,,2790000,9335496638,123
Las Ratitas,UCUY6t_N9MyEWu6I0ZXkbtKA,2015-10-18T10:56:30Z,,ES,25400000,9813851008,225
Oops Zeros,UCO4YLd17gALapIYxyY-PU2w,2014-03-07T16:34:33Z,vi,VN,3250000,849211313,1596
Fozi Mozi,UCb9PvQ2Gv9FDIlwZubVgTaQ,2009-11-05T08:15:43Z,,PS,9930000,8855890956,1010
Family Fun Pack,UCvthuVsurPaVz2a7_4LepGg,2011-10-03T05:00:09Z,en,US,10200000,15279771963,2659
Miss Katy,UCcartHVtvAUzfajflyeT_Gg,2014-11-17T09:50:46Z,,GB,24200000,15297909319,1072
Goldmines,UCyoXW-Dse7fURq30EWl_CUA,2012-01-21T08:42:21Z,,IN,94200000,27879514307,7644
AnuelVEVO,UC05eluGxsI8_xf5uRC-J26Q,2015-07-06T17:42:06Z,en,,2500000,5910963015,34
KLT,UC7EFWpvc1wYuUwrtZ_BLi9A,2015-01-26T20:12:06Z,,US,1980000,1750813181,753
TheEllenShow,UCp0hYYBW6IMayGgR-WeoCvQ,2006-11-21T04:53:43Z,,US,38200000,23032118889,16447
Rotana,UCNhqvQMXIgRfjAGmxQqdNRw,2012-01-10T10:45:12Z,,SA,23000000,21463559858,8607
Trap Nation,UCa10nxShhzNrCE1o2ZOPztg,2012-09-23T03:23:23Z,,US,30400000,14306457179,2834
ChiChi TV ,UCZScL_r0A7Ahqn0xJULdOfw,2015-11-29T15:37:54Z,vi,VN,6650000,4194977102,4718
Top Viral Talent,UCDnEa2HC2eeT-cN3pAKnNTw,2014-01-02T19:26:53Z,en,US,13100000,3799008549,1802
Marília Mendonça,UCwfEOn0O1DWcyTgzVVu28ig,2013-05-13T01:40:24Z,,BR,26300000,19320057043,150
Sonotek Haryanvi,UC_GqWT9zKoeu0Jkv4KFpn9g,2015-04-01T11:53:33Z,,IN,10100000,1284969770,3672
LEGO,UCP-Ng5SXUEt0VE-TXqRdL6g,2005-10-22T08:37:44Z,af,KR,17300000,21707278553,35282
Volga Video,UCIeNlITYK46VkR7yIuTL8GQ,2012-03-23T06:29:39Z,af,IN,16300000,8981549760,6512
DuDuPopTOY,UCByBXiL8TC7atFvIuNC95Hg,2016-05-05T06:59:54Z,en,KR,11100000,5010412986,2194
YoungBoy Never Broke Again,UClW4jraMKz6Qj69lJf-tODA,2015-01-04T23:55:58Z,,US,13200000,14232130537,175
KanalD,UCFoe1tg8MuHjRzmqXtV816A,2006-09-19T00:14:13Z,,TR,8350000,8676642411,33584
Sonotek,UC3zVeAaoPEN1Tu25dW3G2Ig,2011-01-11T07:29:23Z,hi,IN,19500000,7818938969,8348
EminemVEVO,UC20vb-R_px4CguHzzBPhoyQ,2009-05-12T05:27:52Z,en,,24600000,21488537971,104
Nick Jr.,UCUe6ZpY6TJ0no8jI4l2iLxw,2012-09-27T08:50:57Z,,US,28900000,23266728356,5377
FunFun Toy Doll TV,UCqvS0UZpSh8ydVQ7TxGNOJw,2016-05-31T01:03:50Z,en,US,16800000,7560793845,758
eltrece,UC0DM_mHV2u6dj8ig51GkQwg,2014-04-13T16:47:25Z,es-419,AR,12900000,12683401568,177795
Worldwide Records Bhojpuri,UCbomPUMyPHCgrqD5iYnzj1A,2012-03-15T09:03:23Z,,IN,33400000,17375031656,6940
Zee Kids,UCWKeZvw4iSZVM2qXKZde58A,2012-07-06T11:17:39Z,en,IN,13200000,8115916063,1223
KH SHOW,UCOX7lBP6zOpDRO7YAZ-xTrw,2013-03-16T18:10:15Z,,SE,16000,2871959,45
Family GamesTV,UCUhkLR2YOMtWF44kSb-TxyA,2016-01-26T13:57:22Z,,US,20100000,6160,4
CanalKids HD,UCMFZzyhDNnkQUujdM59ZW8g,2017-05-02T19:15:12Z,pt,BR,6590000,38057800,18
Geet MP3,UClZF7OsrECe3t_ADrjZEh_Q,2016-10-22T03:37:32Z,,IN,34900000,13352001381,706
Lady Diana,UCCB4-saKfwGbUFO2-rRdUqQ,2016-03-21T17:07:26Z,ru,UA,13700000,8628456968,1436
KiKiDo,UCWGK2_WVaXWv-QrkgT9-KDw,2015-11-02T20:10:45Z,,US,12200000,8670483317,871
Ultra Records,UC4rasfm9J-X4jNl9SvXp8xA,2006-10-24T20:03:16Z,,,30100000,17234334870,4997
Gaby and Alex,UCHwBjRoGO1V-H8QYXjSVHkQ,2012-10-06T21:21:59Z,,GB,17100000,8518810408,365
etvteluguindia,UCSs9H1cyB3OHdy8wkit8ZKg,2010-03-15T05:34:15Z,,IN,20400000,24716490278,135677
Mazhavil Manorama,UCUPD0jQo-EP0B1Nf4uzeIMA,2011-10-31T12:50:56Z,,IN,17600000,19003294741,101068
Marshmello,UCEdvpU2pFRCVqU6yIPyTpMQ,2015-04-06T21:21:50Z,,US,56800000,15277500103,466
RainbowToyTocToc,UCuWbqDI1CbUKp8myXh71jrw,2016-09-24T03:20:19Z,en,US,5870000,284228204,97
Daddy Yankee,UC9TO_oo4c_LrOiKNaY6aysA,2011-05-16T22:30:49Z,es,US,38600000,23884729294,546
Boo Kids & Toys,UCObRVBnzSyUMY7iST8RDJzw,2016-03-28T07:58:45Z,,ES,3830000,981402704,134
les boys tv2,UCErphF_9VoXQB29BVDK9_Jw,2017-02-07T15:33:26Z,,US,14400000,4579568364,453
LuisFonsiVEVO,UCLp8RBhQHu9wSsq62j_Md6A,2009-05-12T05:28:36Z,en,US,16900000,14877161802,99
Dude Perfect,UCRijo3ddMTht_IHyNSNXpNQ,2009-03-17T05:44:36Z,,US,60000000,17042774555,421
Boram Tube Vlog [보람튜브 브이로그],UCU2zNeYhf9pi_wSqFbYE96w,2012-02-21T10:17:59Z,,US,30400000,13710732132,228
BabyBus - Kids Songs and Cartoons,UCpYye8D5fFMUPf9nSfgd4bA,2016-07-15T02:38:42Z,,US,34500000,27630341739,2344
Tlnovelas,UCKyU-wd-KY4PMOcOpPQgQcw,2013-04-03T01:45:06Z,,MX,22600000,16399708671,48024
ช่อง8 : Thai Ch8,UCtBu8Wb2BUoduUXJS9Uss7Q,2011-10-17T08:28:13Z,,TH,15500000,5134343996,30215
"Baby Big Mouth Kids - Sing, Dance, Explore",UCWr4vlkj5xXQ4bSXNeTT2AA,2013-03-05T05:29:19Z,,CA,10200000,4964604,33
Mnet TV,UCepUWUpH45hRTi-QePdq1Bg,2013-12-23T04:22:10Z,,KR,9100000,12021829126,23576
ChainsmokersVEVO,UCRzzwLpLiUNIs6YOPe33eMg,2012-10-22T23:24:58Z,en,,11000000,12281553493,251
Strawberry Jam Toys,UCL7UTQpJbDWxzXNBRUyg6lA,2013-08-14T03:12:05Z,en,AU,6110000,4386761747,896
Team Films Bhojpuri,UCB4SvelHl4qjFSNYfxhp-SQ,2014-07-18T08:57:19Z,,IN,16200000,6804199186,19854
Kaji Family,UCsaOzYsyshyrYL4SHCTI8xw,2016-11-20T18:41:11Z,,US,9490000,12642004391,1180
BIBO TOYS,UCWda0RFPFeV2TO54PNxTMmA,2016-07-16T07:57:11Z,vi,US,10200000,2615601475,580
YRF Music,UCjeD2I8jwXg2l_nvXb_6Hzw,2010-04-09T11:53:57Z,,IN,6300000,413364134,450
ArianaGrandeVevo,UC0VOyT2OCBKdQhF3BAbZ-1g,2010-10-21T23:38:49Z,en,,17600000,20899269696,187
ETV Jabardasth,UCnoqvTW4YZExfDeq7_Wmd-w,2015-07-14T10:47:48Z,,IN,14500000,14302915195,10883
Nfasis,UCXoF-12V2xNuX6tdf7dptFQ,2008-01-13T20:55:55Z,es-419,DO,1650000,414117651,85
Cardi B,UCxMAbVFmxKUVGAll0WVGpFw,2016-12-01T14:44:07Z,,,19100000,8000129153,90
Learn Colors Keiki,UCARpWHRonzqQuk1u3lFcc9A,2017-12-20T12:27:00Z,,,392000,2585943,2
OlieTheCub,UCQcf-d098cNGGl3bPGGjHBg,2015-06-13T22:13:09Z,,US,6310000,8936,3
WatchMojo.com,UCaWd5_7JhbQBe4dknZhsHJg,2007-01-25T16:19:35Z,,CA,25200000,16659283654,26280
Troom Troom,UCWwqHwqLSrdWMgp5DZG5Dzg,2015-09-12T13:49:04Z,,US,23900000,10303943101,2654
jbalvinVEVO,UCrHL_BF5lHyK43BxLU8-vBQ,2010-09-30T00:52:45Z,en,CO,13200000,21304954294,239
Happy Funny Kids Toys Pretend Play,UCquMFVZvpf8eczgNSnCgYlw,2013-06-18T00:54:34Z,,,7280000,1455185364,142
Sen Anlat Karadeniz,UCZSKbSg4xlgvKYk7ET7awpA,2017-12-22T15:51:41Z,tr,TR,4770000,4085041974,5919
Senya Toys Review,UCtVmCA5qjxCiktUd3dZu5hg,2017-01-30T14:24:57Z,,US,6030000,1022107162,780
BERITA TERBARU HD,UCDUb1ct9PxXUk75EacWo0Jw,2015-04-01T16:19:45Z,,ID,304000,109297545,637
Learn and Play,UCkAUThuNDCUG1RMRiCZTm5g,2017-11-28T19:04:05Z,,AZ,4230000,64313236,47
Jose Comelon - Español ,UCiqE9bJFJhPEOVGdpj2LdEg,2017-09-07T18:30:20Z,,MX,16900000,6483585390,373
JesseAndMike,UCV1JuyDF9Re3HyXFGeqnC7Q,2007-04-29T00:26:41Z,,US,13200000,10413413008,742
Ninja,UCAW-NpUFkMyCNrvRSSGIvDQ,2011-11-11T06:17:51Z,,US,23900000,2644661086,1924
CartoonKiDS BR,UC4uDjLTfKvcYlWSFvC4H54Q,2017-10-21T17:12:21Z,,BR,5010000,266842,18
Emily Tube,UC-0D1RlSzcvBoODCKSoLl2g,2014-11-24T11:07:06Z,,GB,11100000,4161323198,781
Cartoon Network,UCMsgXPD3wzzt8RxHJmXH7hQ,2006-02-28T21:26:55Z,,US,12000000,11790573952,5128
Aaj Tak,UCt4t-jeY85JegMlZ-E5UWtA,2009-08-27T11:54:24Z,,IN,62100000,28855278224,334935
عائلة فيحان,UC_Bd5Yrn9kL8fisLfPmH5ww,2013-02-14T03:55:17Z,ar,SA,5830000,4772097247,806
KatyPerryVEVO,UC-8Q-hLdECwQmaWNwXitYDw,2009-12-13T03:04:53Z,en,US,24500000,24348065531,175
Peppa Pig - Official Channel,UCAOtE1V7Ots4DjM8JLlrYgg,2013-10-09T13:07:35Z,en-GB,GB,33800000,24702784098,5379
KBS WORLD TV,UC5BMQOsAB8hKUyHu9KI6yig,2007-01-06T03:50:16Z,,KR,19500000,15845895417,68232
BCC Gaming,UCBw-Dz6wHRkxiXKCLoWqDzA,2011-05-12T22:00:33Z,,US,9720000,2312973569,3581
AmusementForce,UCycM0Fd584iW3IpgCAjaSEw,2013-07-07T11:12:34Z,,US,7450000,5011020805,8227
David Dobrik,UCmh5gdwCx6lN7gEC20leNVA,2014-12-19T22:35:03Z,,US,17600000,7221067937,536
Funny Sofia Show,UCsMRgE1IQFkgGvyfBDh3BAw,2016-07-24T21:26:53Z,,US,8620000,2279051869,176
Beat chất lượng cao,UC5Q1q0vsjZtvDS35EdhWkvg,2015-03-12T10:13:06Z,vi,VN,1970000,1189812580,1107
東海オンエア,UCutJqz56653xV2wwSvut_hQ,2013-10-13T03:25:55Z,,,7010000,13281124048,2907
DanTDM,UCS5Oz6CHmeoF7vSad0qqXfw,2012-07-14T21:58:18Z,,GB,28500000,19726628305,3704
Mikecrack,UCqJ5zFEED1hWs0KNQCQuYdQ,2015-07-13T21:16:29Z,,ES,47500000,17789685901,1988
Happy Monkey,UCWlK0s4T4gyLavYiQTpSzKQ,2016-03-15T20:30:08Z,,US,23000000,10104,4
Haryanvi Maina,UCMxtWuqP6Ktk1tsSZSstaug,2013-05-03T07:49:29Z,,IN,9640000,807253887,2420
Genevieve's Playhouse - Learning Videos for Kids,UCK5Q72Uyo73uRPk8PmM2A3w,2016-01-06T16:47:22Z,,US,38400000,28626976083,628
Lucas and Marcus,UCwD4x63A9KC7Si2RuSfg-SA,2011-01-19T22:44:47Z,,US,34100000,13568522358,1604
toycantando,UC2xjgvWb9cx5F637XjsUNxw,2009-07-07T22:32:01Z,es-419,CO,28600000,16830485494,747
BuzzFeedVideo,UCpko_-a4wgz2u_DgDgd9fqA,2011-08-10T21:27:29Z,,US,20000000,17986302984,7889
Bhakti Bharat,UCqLCpY_mJBBmGKGJgdqnQfA,2018-02-05T18:25:18Z,,IN,4450000,19061726,65
ItsFunneh,UCUk7VggtJdo9XYTy3Z5QVAw,2011-09-02T01:34:07Z,,US,10900000,13493466123,2754
David Guetta,UC1l7wYrva1qCH-wgqcHaaRg,2009-12-11T07:02:52Z,,US,26200000,18725505380,809
Disney Latinoamérica,UCq3zaHCaZtb3TtNwwz0PK2w,2007-12-12T19:17:18Z,,AR,23000000,21598864187,8214
Saturday Night Live,UCqFzWxSCi39LnW1JKFR3efg,2013-07-23T21:32:27Z,,US,14000000,15503671719,8581
Lyrical Lemonade,UCtylTUUVIGY_i5afsQYeBZA,2013-03-25T21:25:06Z,,US,21700000,11126023237,432
PopularMMOs,UCpGdL9Sn3Q5YWUH2DVUW1Ug,2012-04-17T17:18:29Z,,,17100000,14631292643,4688
Gamze - Nursery Rhymes,UC_gFB8z2Z7ETiBnH_pCbrDA,2016-02-14T07:39:57Z,,US,14700000,947640275,13
IndiaTV,UCttspZesZIDEwwpVIgoZtWQ,2006-08-26T14:47:52Z,,IN,38500000,17619223037,287614
Beam Copphone,UCPZHbywHs_aNFjzyOJ97uxg,2012-09-08T08:32:45Z,,TH,8000000,13109746333,3090
Kids smile TV,UCHia02_AKmqXtxsDxrYOxow,2017-11-24T21:56:06Z,,US,12100000,5465480339,294
GMA Public  Affairs,UCj5RwDivLksanrNvkW0FB4w,2009-08-08T02:45:19Z,,PH,22400000,12549144464,39243
Synergy  تامر مرسي ,UCmgbOjLSiYzGJ7GNSnNJLXA,2017-04-05T04:02:35Z,,EG,7310000,6401225988,13243
Venus Entertainment,UCpcsv3Ow-8IhoUGDEfPetsQ,2010-03-15T15:16:18Z,,IN,25200000,6012530690,1988
SiaVEVO,UCmKdSrwf1e8coqAzUsrVHZw,2009-05-12T05:29:21Z,en,,9540000,11076715893,109
Nao FunFun,UCS3VJQpFmLbBd5qsWci9KPA,2014-02-01T02:18:26Z,,US,10300000,4576580,65
LosAngelesAzulesVEVO,UCPeGv4l3-gJvuJ4IJ47QC7Q,2009-05-12T05:28:35Z,en,,1640000,11504405578,111
Lizos Music,UCQ50aIYbavhpfVc9PKU9qrg,2014-06-26T08:23:44Z,,MX,7510000,10304348505,625
GENIAL,UCbrd1vu4_7qIE6IPV_dA-OA,2017-06-01T07:07:20Z,,MX,31900000,6916259397,7586
はじめしゃちょー（hajime）,UCgMPP6RRjktV7krOfyUewqw,2012-08-31T04:19:50Z,,JP,10800000,10512031025,2967
Flipkart,UCWZc94oeti-YQsI9995G3aA,2010-03-23T08:02:16Z,,IN,807000,3216928992,1771
Maria Clara & JP,UCKe6w0exI94U-RzqAyoY1VA,2015-09-06T02:20:01Z,,BR,39400000,26127261249,786
Green Gold TV - Official Channel,UCiBigY9XM-HaOxUc269ympg,2011-07-01T07:34:35Z,,IN,20500000,9905808719,1716
Manuel Turizo,UC5Jn-9jqrVvKm9Hx0WW8Pgw,2016-12-06T21:21:54Z,,CO,9570000,7207790702,188
RsiamMusic : อาร์สยาม,UCLcCpNY-zaL3vEERD5rh5Ew,2011-03-08T16:22:31Z,,,18900000,11938888410,3547
Hear This Music,UCz2SUbUr2k0T3nEmutgsPjg,2016-02-13T03:01:33Z,,PR,14700000,9567015182,40
RomeoSantosVEVO,UCNnwYefwrkVBAbMUzLpxbEQ,2011-04-21T21:29:13Z,en,,8790000,14931500282,211
Mister Max,UC_8PAD0Qmi6_gpe77S1Atgg,2014-09-22T04:34:06Z,,GB,24200000,15865561746,1128
Flow La Movie,UCsvSj8bT4xqQecl_5nh_cwQ,2013-11-07T18:35:49Z,,US,9280000,6079337488,93
SyrebralVibes,UCi0LydWaEUy3Vx8flL29ebQ,2013-06-30T22:11:14Z,,US,7960000,5643286528,502
Aditya Movies,UCX_uPA_dGf7wXjuMEaSKLJA,2012-02-23T13:24:10Z,,IN,31500000,11771995215,6755
CNN,UCupvZG-5ko_eiXAupbDfxWw,2005-10-02T16:06:36Z,,,16000000,15327838440,163410
Cartoons for Kids,UC977n5nXRn8MDuGQjwxkOLw,2017-04-26T09:43:53Z,,GB,8970000,3375026785,2424
NickyJamTV,UCpb_iJuhFe8V6rQdbNqfAlQ,2012-01-10T23:16:13Z,,PR,23800000,16412673101,446
ครูนกเล็ก,UCyRXnSFPjQ7JcQJvebSPYcg,2009-12-08T06:00:15Z,,TH,9520000,7478634134,3248
Guava Juice,UCMNmwqCtCSpftrbvR3KkHDA,2006-07-18T07:06:47Z,,US,16900000,9202778640,1925
VanossGaming,UCKqH_9mk1waLgBiL2vT5b9g,2011-09-15T07:05:29Z,,US,25900000,15911899258,1860
Spinnin' Records,UCpDJl2EmP7Oh90Vylx0dZtA,2007-07-12T12:23:44Z,,NL,30500000,20260529707,11996
Midnight X Cross,UCohVmErh2EwprS-604N9S2g,2015-10-25T08:01:12Z,en,AU,24100,1177766,152
Rarri,UCkMtT5lSfkXvp9ZmPuRBJjA,2014-08-25T14:29:40Z,,US,369000,2884455,14
Nat and Essie,UCzIdYMdAtTsWucGCZyZvN6w,2015-02-07T18:58:59Z,,US,12200000,2033483220,224
Little Baby Bum - Nursery Rhymes & Kids Songs,UCKAqou7V9FAWXpZd9xtOg3Q,2011-06-22T13:34:20Z,,US,40900000,40109590274,2572
5-Minute Crafts PLAY,UC57XAjJ04TY8gNxOWf-Sy0Q,2017-10-30T13:03:19Z,,US,20200000,6356876172,6091
IndiaiStore,UCSUfTb8JAeoaRnu1zxGQomA,2016-06-13T06:51:57Z,,IN,212000,456761457,293
El Reino a Jugar,UCsm77kEHBDEPgD4Ir3jSRYg,2015-03-03T14:01:27Z,,AR,18000000,11618500225,839
Lachlan,UCh7EqOZt7EvO2osuKbIlpGg,2013-03-19T14:29:20Z,,AU,15000000,5473820019,3880
Blippi Español,UC4YImPQT-_0kCh5joATwyhw,2017-01-13T06:49:14Z,,MX,16300000,9588859706,671
SriBalajiMovies,UCoy3dQzEdq1y2zMnT4pdj3Q,2011-09-29T11:36:47Z,,IN,17800000,10177170362,23290
Fueled By Ramen,UClVrJwcIy7saPcGc1nct80A,2006-06-09T17:05:01Z,,US,14900000,13777799408,1219
DopeLyrics,UCvR2R7j218tzejtTsb_X6Rw,2016-06-09T14:11:37Z,,US,15900000,10020063046,2045
Star Casablanca | نجوم الدار البيضاء,UCuvAFpR5uxoXF8G4OgKY0lQ,2015-01-06T10:14:23Z,ar,IQ,12000000,5805842308,1077
ToysPlay,UCdKicyl_ve5oyjasiO6njgQ,2015-12-09T03:49:10Z,,US,12100000,8800038277,503
WowKidz,UCN8S4CqMRy6tVKVXvs7Bzeg,2015-06-27T10:37:38Z,en,IN,34900000,18288155251,6273
CalvinHarrisVEVO,UCaHNFIob5Ixv74f5on3lvIw,2009-10-15T19:08:07Z,en,,11700000,14716530599,207
ThaliaVEVO,UCwhR7Yzx_liQ-mR4nMUHhkg,2009-12-02T22:57:19Z,en,,2250000,5181190655,183
せんももあいしーチャンネル,UCCKJzBnveLS7oLpS8Q4m2eg,2006-07-20T05:09:29Z,ja,JP,11200000,7777837569,3411
Sham Drama شام دراما,UC24ILr30tJeVf9H5dCMHV4g,2017-02-02T18:36:19Z,,US,7110000,231436116,1161
Blippi Toys,UC-Gm4EN7nNNR3k67J8ywF4g,2015-07-06T12:32:14Z,,US,11400000,11960467356,730
The ACE Family,UCWwWOFsW68TqXE-HZLC3WIA,2016-01-10T20:46:31Z,,,18400000,4573772318,712
Kırgın Çiçekler,UCVpGEF7K-8wNfS3L8Cewo6Q,2015-05-29T09:55:03Z,,TR,2280000,3979532384,3837
Raffy Tulfo in Action,UCxhygwqQ1ZMoBGQM2yEcNug,2016-04-20T07:40:52Z,,PH,27300000,15774460671,10738
Just Pranks,UCaAZ2O-1wvipTqdbFv2cJJQ,2012-01-16T20:01:23Z,,US,4210000,654015,75
Mnet K-POP,UCbD8EppRX3ZwJSou-TVo90A,2006-03-09T02:12:08Z,,,20800000,15816011924,35441
Bounce Patrol - Kids Songs,UC56cowXhoqRWHeqfSJkIQaA,2013-01-01T01:37:50Z,,AU,28700000,21828140056,344
michaeljacksonVEVO,UCulYu1HEIa7f70L2lYZWHOw,2009-09-02T23:38:03Z,en,,8050000,13074571204,138
MrBeast,UCX6OQ3DkcsbYNE6H8uQQuVA,2012-02-20T00:43:50Z,en,US,238000000,42724803397,775
KSI,UCVtFOytbRpEvzLjvqGG5gxQ,2009-07-25T01:11:42Z,,GB,24100000,6015064768,1252
Phim HOT TK-L,UCtsrmo89ctjbtENanK40yTQ,2015-08-24T07:53:50Z,,VN,5370000,1500727635,4864
MBCentertainment,UCiBr0bK06imaMbLc8sAEz0A,2009-07-30T00:42:50Z,,KR,9010000,17388743306,101943
TaylorSwiftVEVO,UCANLZYMidaCbLQFWXBC95Jg,2009-05-12T05:29:33Z,en,US,25600000,27524811539,307
JuegaGerman,UCYiGq8XF7YQD00x7wAd62Zg,2013-05-19T00:09:13Z,,CL,49300000,15054265706,2095
SonyMusicSouthVEVO,UCTNtRdBAiZtHP9w7JinzfUg,2014-07-14T18:07:20Z,en,,19300000,19751406025,5955
Come Play With Me,UCQ00zWTLrgRQJUb8MHQg21A,2014-01-24T00:17:52Z,en,US,14900000,17501623063,435
Logan Paul,UCG8rbF3g2AMX70yOd8vqIZg,2015-08-29T03:28:33Z,,US,23500000,5989337845,716
MalumaVEVO,UCFkoPRmuxqr37jvGmmpzhzQ,2011-06-15T21:07:25Z,en,,14000000,19936216441,207
JYP Entertainment,UCaO6TYtlC8U5ttz62hTrZgg,2008-01-25T07:45:44Z,,,28700000,21735579159,2022
Jake Paul,UCcgVECVN4OKV6DH1jLkqmcA,2013-09-19T19:31:16Z,,,20500000,7488021832,1228
حِرف إبداعية في 5 دقائق,UCy7QvWo7uV_AcoLJL5RIwkQ,2017-12-08T11:58:39Z,,EG,15800000,4878519281,5612
DrakeVEVO,UCQznUf1SjfDqx65hX3zRDiA,2009-08-17T17:13:33Z,en,,9150000,10320384208,151
Artem Plays Toys,UCdKSGuc89r7OfkdwcFAsVIw,2017-10-28T10:57:35Z,,ES,5850000,1575476697,402
Anand Audio,UCLtCejNl8eAg4PO_9lf2TIg,2011-08-10T09:40:41Z,,IN,11500000,8456560974,5431
icanrockyourworld,UCLoKWb_rlp80mg0aSLtsUGw,2007-03-13T21:03:25Z,,US,9970000,5480631103,8
Just For Laughs Gags,UCpsSadsgX_Qk9i6i_bJoUwQ,2007-01-14T03:25:33Z,,US,13700000,7754591550,7225
Tom Slime,UCOs8VELPB5GC_eKibH9e-CQ,2016-02-11T02:49:22Z,,US,9280000,3429646601,3310
Candy Play TV Russian,UCI4Rtxoht2s2ILzWYMFaRtQ,2017-04-19T10:22:06Z,,UA,2930000,750594835,242
Ghiền Phim,UCzCWSfs-gfx8nT2yRulQ1QA,2016-11-17T01:45:22Z,,US,3360000,2375254971,345
Caso Cerrado,UCGbofRROopWrumVob5w61OA,2015-03-12T18:08:28Z,,US,11500000,9087881443,4172
NOLLYMARRIAGE TV,UC2rd5cWeATWXJv-dPKGoVqA,2012-02-15T14:11:48Z,,US,4860000,0,0
Rahatlatıcı Videolar,UCR0YssFs8nYdbbsyObtl_6w,2016-11-19T06:02:50Z,tr,TR,3850000,237807248,1438
Brancoala,UC0otZdGYsA9KqVKAcn2peQA,2008-07-04T09:40:53Z,,BR,12400000,9320399066,2076
SSSniperWolf,UCpB959t8iPrxQWj7G6n0ctQ,2013-01-20T06:26:02Z,,US,34300000,24593627323,3486
GMA Integrated News,UCqYw-CTd1dU2yGI71sEyqNw,2007-10-29T13:38:42Z,,PH,14300000,10432890941,316219
Coldplay,UCDPM_n1atn2ijUwHd0NNRQw,2010-01-03T14:28:39Z,,GB,26000000,18491923500,419
Stephen Sharer,UCDfk8ogO6QGeJAYCY0QDzKw,2006-02-27T23:32:44Z,,US,11100000,6235272660,1397
Cut,UCbaGn5VkOVlcRgIWAHcrJKA,2014-10-29T19:59:06Z,,,11900000,5494744671,2187
الحب لا يفهم الكلام,UChfdidbjuzN-kctBB-DXdYQ,2018-06-11T16:37:34Z,,AE,5810000,4217496273,2111
MikelTube,UCBxS7NaGh7__pEbv898gKvw,2015-08-30T09:18:18Z,,ES,9230000,6214597902,961
Ninja,UCAW-NpUFkMyCNrvRSSGIvDQ,2011-11-11T06:17:51Z,,US,23900000,2644661086,1924
thprty,UCqM4re9VgafMfd_oJmQPmmA,2016-05-05T02:21:15Z,,US,128000,119017314,29
Clarity,UCELBN4ucTK3x8WEGtMJMxHQ,2014-03-25T16:19:18Z,,US,672000,1958034,789
Markiplier,UC7_YxT-KID8kRbqZo7MyscQ,2012-05-26T20:30:52Z,,US,36400000,21152706900,5572
Rainbow Treehouse,UCez6_KPGd1bmixWTDBgHm3Q,2015-06-02T03:52:03Z,,US,4940000,1386718548,617
Çizgi Film Oyuncakları,UCsysCcLV149UIrp2ai_Cz_A,2017-03-31T14:12:54Z,,TR,4410000,235934,37
Codiscos,UCMt4GuchIJh48XJFB3iyXQQ,2007-02-08T16:31:15Z,,CO,14200000,13265849321,7601
Rawan and Rayan,UCPvLEc3la6Q2MdlCXzKRRPg,2015-12-12T17:46:23Z,en,AE,10800000,3315848305,810
DandB World,UCWXrx8EldKEgeP1KpbmUjBQ,2015-11-30T15:10:19Z,,CA,6350000,112803631,1350
Goldmines Bollywood,UCOF23vGxkbhN4wl7ROrgXsA,2015-07-22T07:26:33Z,,IN,29000000,9484063127,4314
Enes Batur,UCG0HA4uyuuzPzeq_US_ywVg,2012-11-18T17:55:16Z,,TR,16100000,9923489574,1986
NoCopyrightSounds,UC_aEa8K-EOJ3D6gOs7HcyNg,2011-08-14T20:13:26Z,,GB,33600000,10915478580,1527
VEGETTA777,UCam8T03EOFBsNdR0thrFHdQ,2008-03-02T19:25:21Z,,,34000000,15680300387,7841
Collins Key,UC7TTtOQKMXTWWMtWQMIgVSA,2011-08-09T18:02:53Z,,US,23800000,6648466347,258
Keelan Leyser,UCp8Onx-IzX1M5GYyly6ZZmw,2017-05-22T02:15:49Z,,US,1220000,1379076,202
tlc uk,UC2vlpX8sNDBmPcY_1_QSGJg,2012-12-10T17:27:33Z,,,6540000,4462820802,3189
Think Music India,UCLbdVvreihwZRL6kwuEUYsA,2009-08-15T08:30:56Z,,IN,15000000,12603384368,5518
truly,UCfwx98Wty7LhdlkxL5PZyLA,2006-06-23T14:26:12Z,,,10100000,5857000371,3191
Você Sabia?,UCj0O6W8yDuLg3iraAXKgCrQ,2013-09-01T23:31:56Z,,BR,45200000,8013983467,1626
Ali-A,UCYVinkwSX7szARULgYpvhLw,2006-09-13T17:12:04Z,,GB,18800000,6373325655,4262
DisneyMusicVEVO,UCgwv23FVv3lqh567yagXfNg,2010-05-20T13:09:24Z,en,US,34100000,30699752825,2234
Apni Bhakti,UCJt_pgBSSecJsvBsGSRkDcQ,2014-02-10T03:45:36Z,,IN,6630000,836471230,85
Nickelodeon,UC5M_h2S8Ldoc9M6f7B-_m6A,2005-10-10T10:45:47Z,,US,10800000,7932361090,4727
Thairath Online,UCrFDdD-EE05N7gjwZho2wqw,2010-09-27T03:41:29Z,,TH,17400000,16099371843,267077
jacksepticeye,UCYzPXprvl5Y-Sf0g4vX-m6g,2007-02-24T14:28:56Z,,IE,30600000,16622957703,5182
EnriqueIglesiasVEVO,UCVttQE6tS_agDSAU61Q65aA,2009-05-12T05:27:52Z,en,,12800000,15975484263,140
Martin Garrix,UC5H_KXkPbEsGs0tFt8R35mA,2011-01-15T20:39:18Z,,US,14700000,6218983919,379
ABS-CBN News,UCE2606prvXQc_noEqKxVJXA,2009-10-22T09:54:04Z,,PH,15800000,11043968125,221391
Wiz Khalifa,UCVp3nfGRxmMadNDuVbJSk8A,2008-05-09T02:49:21Z,,US,28100000,13848204760,739
MBC مصر,UCnFKsbAof9fRv614I4wJX_w,2012-10-14T17:38:53Z,,EG,12300000,6991397132,48410
shfa,UCwHE1kM1CPJd_pI9FQ0-4dg,2015-03-29T08:55:45Z,,AE,40800000,23542237591,1076
infobells - Telugu,UCHvoq_rGmOKJKGId1nD1V4Q,2014-03-13T11:15:45Z,,IN,30900000,16462765945,566
Super Polina,UCE76CBkDX591pxzps6bySOw,2014-07-08T13:34:05Z,en,US,14100000,4780091925,594
RizaNovaUZ,UCDPnSqLmYqHadD6VkrRiarg,2013-03-25T04:32:26Z,,,11200000,11474976271,9184
rezendeevil,UCbTVTephX30ZhQF5zwFppBg,2012-02-12T23:58:25Z,,BR,32500000,13331777326,12070
Bruno Mars - Topic,UCZn4r7heNOPY-C43YIywnVA,2013-05-21T14:14:55Z,,,367000,2386164404,277
TimKo Kid,UChSQPcSwLVGQdeorewLZCoQ,2015-05-19T13:41:28Z,,SI,4550000,2034547718,291
Atlantic Records,UCe4LM_eKc9ywRmVuBm5pjQg,2006-12-15T16:36:20Z,,US,14400000,13205270165,1858
Ultra Cinema,UCO7oJs9vrfYIN_rDYjlN7Ig,2013-10-18T07:37:05Z,,IN,7310000,2171378025,3396
Pina Records,UCmKSr4RkQLqPPxSh2Y2xEdQ,2008-07-02T16:56:50Z,en,US,10900000,5410452903,427
KN Channel,UCXF15hEQI7y1hpoZK4cZDEQ,2014-11-23T12:25:15Z,,US,7030000,5334677875,1290
Chotoonz TV - Funny Cartoons for Kids,UC7e1XWjOlYy8XlNMeVxeKNg,2013-10-31T04:56:51Z,en,US,11200000,7185033634,2027
Kidibli (Kinder Spielzeug Kanal),UCVEDZVtA5NUtjxSXHjtvkag,2015-09-25T17:45:05Z,de,US,24600000,12539298244,1129
Letupita725HD★,UC1AEadAUKi6Zt-G3PatrU-Q,2012-08-19T21:07:47Z,en,SV,4830000,7563398563,2663
روتانا خليجية,UCsVQJ4sjopcYEQHxWnS2Spg,2011-07-06T06:33:52Z,,SA,10600000,8477124788,23108
EL BLOG DEL NARCO,UCk1pS7b7xptSRPxklcp8JPA,2011-05-22T18:50:30Z,,MX,253000,59921241,4870
BANGTANTV,UCLkAepWjdylmXSltofFvsYQ,2012-12-17T03:20:38Z,,,77400000,22285500770,2443
Apple Doodle Tv,UCtlQ0v4p4QocMOZyRFgvixA,2017-11-27T10:14:12Z,,US,3220000,102699,3
Muselk,UCd534c_ehOvrLVL2v7Nl61w,2012-01-13T09:19:44Z,,AU,9090000,3824658228,2322
DLS News,UCw0ry7cLRUnq3Oaszlhgqfg,2017-07-05T09:00:09Z,,IN,20300000,2551626545,5382
Ishtar Punjabi,UCopY0NAzASqmD6eVaRj2TFQ,2014-03-23T09:52:27Z,,IN,23600000,11546994010,6351
avex,UC1oPBUWifc0QOOY8DEKhLuQ,2008-09-04T16:53:18Z,,JP,6050000,9950364373,15289
The Late Late Show with James Corden,UCJ0uqCI0Vqr2Rrt1HseGirg,2006-11-21T05:01:48Z,,,28400000,10088992796,5792
Thơ Nguyễn,UCSJsjCiTl2lourZXnigVCoA,2016-03-06T03:45:28Z,,VN,10300000,6511041196,1681
Turma da Mônica,UCV4XcEqBswMCryorV_gNENw,2012-07-30T20:14:26Z,,BR,19500000,13122569931,1120
Bad Bunny,UCmBA_wu8xGg1OfOkfW13Q0Q,2014-06-09T02:50:42Z,es,PR,47500000,33629776619,154
Like Nastya,UCJplp5SjeGSdVdwsfb9Q7lQ,2016-12-06T12:15:52Z,,US,112000000,97522732603,865
IGN,UCKy1dAqELo0zrOtPkf0eTMw,2006-09-19T03:13:01Z,en,US,17900000,17052156248,160094
Vitaliy Art,UCh2wpzsNh9PX5a5hG5Vkuhw,2017-09-25T17:45:27Z,id,UA,6290000,2521613,123
Hasbro,UC-r13SLLdZtZNmuC2bMnlmw,2013-09-27T22:15:26Z,en,US,3880000,2345322688,4989
Flowers Comedy,UCmAPdImtXLGh5E-lTTH4Qmg,2015-08-19T12:06:05Z,,IN,13100000,12646943802,14185
ARY Digital HD,UC4JCksJF76g_MdzPVBJoC3Q,2016-07-11T09:30:11Z,,PK,50800000,47349918471,129428
Izabeloi,UC1PJ4a8bysBOKcHMAmehiyw,2017-05-17T20:56:58Z,ro,RO,3540000,1892092939,627
prenses elif,UCLM1OpCXx90zzBLd9j6ihgQ,2016-03-06T01:04:48Z,tr,TR,3460000,6132742086,6514
Got Talent Global,UCe_Fx4EZAgKjDz0aQ_Y7hSA,2013-01-31T16:21:31Z,,,20600000,2585331728,1382
Shoof Drama | شوف دراما,UCgd_tWU4X7s10DKdgt-XDNQ,2016-04-14T09:46:06Z,,EG,8380000,4702607463,6967
Telemundo,UCajrNVKvG2xVlVcSr3GcsDA,2007-01-03T00:06:22Z,,US,15100000,9027375802,19804
Cocomelon - Nursery Rhymes,UCbCmjCuTUZos6Inko4u57UQ,2006-09-01T22:18:49Z,,US,171000000,177434874547,1079
HIMAWARIちゃんねる,UCJ98lzh2QJGp37QgWPUcwrQ,2014-04-06T13:00:53Z,,JP,3330000,8633140664,2604
HaAshVEVO,UCn8-zZ07JDofg2jmOo_X9Qg,2009-10-15T19:09:26Z,en,,3980000,7939049927,190
Goo Goo Colors,UCx0eQsDrjn-EXMWeusTh2cQ,2014-07-07T20:21:53Z,,US,6400000,3892737156,481
Jason Vlogs,UCjmAh2qxmvWdH3xNPbg0IUQ,2015-07-12T15:41:34Z,en,US,18400000,10089276303,856
Jingle Toons,UCK9F8nycURBsR0YlrBsu1Ag,2013-01-24T05:15:15Z,,,37000000,12329666684,248
Cartoon Network UK,UCGydrkfIhUDNCotYQI8TJhA,2007-04-12T10:50:04Z,,GB,10000000,9736801330,4971
Stone Music Entertainment,UC_pwIXKXNm5KGhdEVzmY60A,2011-03-25T04:48:40Z,,KR,10800000,9948692464,11063
Alpha TV Greece,UCYKe1v03QBPyApJID8CPjPA,2011-09-14T14:37:01Z,en-GB,GR,1250000,2495240812,29735
TheGrefg,UCCEmjNPpJYhGDgaEqeeA4HA,2012-01-30T19:13:31Z,,ES,18200000,6650210777,3780
MEGA Oficial,UCEpId-jtRABuZyX6D2z6FZQ,2012-08-01T15:44:30Z,,CL,9250000,8138672595,48212
大劇獨播MZTV,UCNORTw_uosRNGgdEjwdHvuw,2013-01-20T13:59:51Z,,CN,2010000,1909195628,13463
Blippi - Educational Videos for Kids,UC5PYHgAzJ1wLEidB58SK6Xw,2014-01-27T20:57:17Z,,US,19400000,15903768838,849
Поззи,UCuZeiI5pdpgqDojXZujoYgg,2012-05-17T11:18:31Z,,US,14000000,7093021293,3324
KHANDESHI MOVIES,UCP84QWij0alw4MvzqzyfOnw,2013-11-11T17:24:30Z,,IN,33700000,11610114683,229
Dr. Phil,UCYLR1ghzYNyvfjw78raCuxA,2007-07-05T20:09:09Z,,US,6230000,5735526363,13795
RCM Music Bhojpuri,UCLnDTo0igOTjP6l3dT_tkDg,2015-05-31T09:04:37Z,,IN,8640000,2247926848,10189
プリンセス姫スイートＴＶ Princess Hime Suite TV,UCHkm57ZjExicHc630M2xJ-Q,2013-03-09T00:30:02Z,,JP,1820000,5965746083,2839
Chad Wild Clay,UCwaNuezahYT3BOjfXsne2mg,2006-03-26T06:15:57Z,en,US,14700000,6900626848,720
AuthenticGames,UCIPA6iWNaoetaa1T46RkzXw,2011-10-07T01:50:49Z,pt,BR,20100000,8951334970,5081
Chiki-Arte Aprende a Dibujar,UC-63s9JLCZqIDlhXK6VHb7w,2015-12-09T07:04:24Z,,MX,7320000,1691312988,361
POPS MUSIC,UCUgXK2UjZ8G_EM438aYkGrw,2013-03-25T07:42:10Z,,VN,10000000,8009678694,18279
Art TV,UCqKNfKDLXQPiQoz8-3IHHLg,2011-12-10T17:17:10Z,,VN,1840000,499098946,88
Bún Bắp Family,UC8nEg6dPxjzImSask77-rNA,2015-12-13T02:52:19Z,,VN,3180000,3096161936,893
As Aventuras de Poliana,UCvgfiEUr4w7DaCyEoxkdkOw,2017-10-03T21:50:28Z,,BR,8040000,3888278860,2360
Jose Comelon - Español ,UCiqE9bJFJhPEOVGdpj2LdEg,2017-09-07T18:30:20Z,,MX,16900000,6483585390,373
OYUNCAKOYNUYORUM,UCGZrRXxlJGFCH1SMwpMbfAw,2016-03-13T11:55:07Z,,TR,11600000,11294232084,962
RCTI - LAYAR DRAMA INDONESIA,UCzTsWuCdVP_vehWyGwPcS3Q,2015-07-28T02:47:45Z,,ID,16800000,15052953481,81412
Kluna Tik 2,UCC8Di_yHmWS2CwkhejC62LQ,2017-01-06T13:49:45Z,,,7120000,1396518013,327
ĐÔNG TÂY PROMOTION OFFICIAL,UCFMEYTv6N64hIL9FlQ_hxBw,2014-12-17T03:07:44Z,,VN,9130000,6115632897,8443
MigosVEVO,UCGIelM2Dj3zza3xyV3pL3WQ,2013-07-08T18:04:37Z,en,,1820000,3520012085,115
LIV Kids Hindi,UCV_HCodkhIx43LGAyPENbzA,2016-09-06T10:31:53Z,,IN,9080000,5362306330,2265
MK MUSIC,UCbVwJCxsVbmaP1PFmbGQDeQ,2010-01-18T11:12:39Z,,BR,16600000,10204495324,5465
JustinBieberVEVO,UCHkj014U2CQ2Nv0UZeYpE_A,2009-09-26T03:46:15Z,en,US,31500000,27402868374,204
Family Box,UC-jHNWViReG6R_kJ6b45FdQ,2015-01-21T17:41:15Z,,RU,12600000,10180906776,1321
TravisScottVEVO,UClRx3MMyYUyqOxyEqA5F2nQ,2012-09-15T15:43:44Z,en,,1940000,6821434791,100
เรื่องเล่าเช้านี้,UC5wKpLWxAZBZrunls3mzwEw,2012-06-15T07:20:21Z,,TH,10900000,7923891493,127356
La Academia,UCFIxWti5muQMnhyBw6AUuMA,2013-08-12T23:12:15Z,,MX,697000,131637007,981
AMARINTV : อมรินทร์ทีวี,UCzMoibQRslh_1bTuW0YXc6A,2014-02-05T05:20:43Z,,TH,18800000,14690793825,137437
HUM TV,UCEeEQxm6qc_qaTE7qTV5aLQ,2011-05-25T15:15:07Z,,PK,34900000,29497839057,126763
Ms. Hoian,UC2ts85uXtRawndRqggrRqwg,2013-11-13T12:06:15Z,ja,,43800,125156940,164
SmoothPOV,UCFBKoqcCRHlObULON88fMuA,2014-05-17T19:56:11Z,,US,333000,37804363,64
Zee Tamil,UC_wIGmvdyAQLtl-U2nHV9rg,2008-08-26T12:03:05Z,en-GB,IN,14100000,10602986453,115921
Clean Bandit,UCvhQPdeTHzIRneScV8MIocg,2010-06-21T23:10:41Z,en,,10400000,7996649244,230
Sesame Street,UCoookXUzPciGrEZEXmh4Jjg,2006-01-16T00:56:52Z,,US,23700000,23405149248,3675
TygaVEVO,UChXnu0HBydqedqhnClp0rJg,2010-03-01T05:42:49Z,en,,3370000,4803786175,180
HikakinTV,UCZf__ehlCEBPop-_sldpBUQ,2011-07-19T11:31:43Z,,,12600000,12136995010,3468
水溜りボンド,UCpOjLndjOqMoffA-fr8cbKA,2014-10-06T16:18:37Z,ja,JP,4170000,4678372631,3266
Toys Make Me Smile,UCv5I8kinKQT_cBxhsscnlWQ,2015-07-17T08:20:00Z,,US,11900000,5266889345,102
Bebe Rexha - Topic,UChwSjx8SnvG6k96a9xqYw1g,2013-12-18T08:00:53Z,,,14600,473981376,246
E! Insider,UCD-1jAmL42qnEszozefaa1g,2016-01-29T21:24:29Z,,US,528000,418184569,10059
Luisito Comunica,UCECJDeK0MNapZbpaOzxrUPA,2012-04-15T04:13:36Z,,MX,41800000,9256135153,1327
Team Coco,UCi7GJNg51C3jgmYTUwqoUXA,2008-06-23T02:45:04Z,,US,8720000,8619809095,10877
Sait Emir,UChhUDuO3rYthfm_Ge11VSnA,2014-06-27T23:41:12Z,,TR,87800,22755,18
FFGTV,UC18k1PkmSegPj7DgDpHCk-Q,2016-05-21T17:02:54Z,,RU,6860000,1672404860,706
Ch7HD,UCXUVnTEsLZBim_WlWxBvEwA,2010-05-17T08:05:31Z,,TH,17100000,10054459683,65783
Tiana2,UC7_yh9PEDpaqp34QtGO-_Yw,2017-11-24T12:28:28Z,,GB,5880000,1638855337,429
BiBiPam Tv,UCm3i_4mXCwalqF7E2wuevMw,2010-01-30T18:45:17Z,,BR,3700000,1292126,98
Camarroket,UCFXvKZEw5k6fLBqZQ4oowRA,2015-12-06T06:56:42Z,,MK,3940000,734760732,71
វត្តប្រាសាទនាងខ្មៅ​ CKD,UCTm5dduwoz_OelBeyvZAdeA,2016-01-14T07:01:39Z,,TH,2080000,20551,175
Câmeras Escondidas Programa Silvio Santos,UC3d7Ix6GrtxESULE5Auj_Zg,2013-11-04T16:30:59Z,,,9020000,5853262816,2085
Mimonona Stories,UCXc5x7W5pwn-xz2g2nGTDQQ,2011-11-22T14:06:29Z,,PA,7100000,2242901028,682
AzzyLand,UCzeB_0FNcPIyUSjL_TL5lEw,2015-05-08T05:38:25Z,en,CA,13200000,6607788354,1868
reikVEVO,UCahVGI5idD85mQlBD2InzzA,2009-09-02T23:38:30Z,en,,3490000,7968990315,235
Talent Recap,UCSWwb_YyNB8vuC1VDcfPPaQ,2016-07-05T00:14:46Z,en,US,13000000,6462549813,5478
Henrique e Juliano,UCfLTxnQboSLcoSakgONmukQ,2009-06-27T19:51:17Z,,BR,15900000,15992307842,350
Pop Chartbusters,UCzL6rJhkoXkIt0fCv9T9_uA,2011-08-26T06:38:21Z,,,17700000,9232550792,2268
TheWeekndVEVO,UCF_fDSgPpBQuh1MsUTgIARQ,2011-07-13T16:58:00Z,en,CA,10400000,18575217186,193
Zee Kannada,UC4xZrjsfEiomEbE9OUjN4-g,2010-01-19T03:59:52Z,,IN,5850000,4146885477,96400
SurpriseJoe - Nursery Rhymes & Kids Songs,UCrRLaQ1hup5VmVINQkgKE7Q,2015-02-03T16:46:25Z,,,8770000,941395020,287
REACT,UC0v-tlzsn0QZwJnkiaUSJVQ,2007-06-04T09:55:54Z,,US,20000000,13312497194,4690
HTV Entertainment,UCbq8aOyj9ZtIqcD-0MwG1fQ,2014-08-01T18:36:41Z,,VN,6850000,2446936258,14754
Genierock,UCs2t9DlvAuyTBkvk2djGZKw,2008-03-09T10:12:35Z,,TH,15800000,15133254228,1859
Jaeguchi,UCmth4hMyizG-_W9jidBqs_A,2016-08-29T13:42:32Z,,KR,5210000,5580623463,994
MoBro94 Production,UC6OLQi0Gi3S6QVxWnBMCB6Q,2014-11-25T15:45:31Z,,SI,232000,127580753,219
DenLion TV,UCReKOr21TXvaWKQuIJ3Uh5g,2012-06-24T07:53:43Z,ru,US,10700000,3412071515,374
V6 News Telugu,UCDCMjD1XIAsCZsYHNMGVcog,2013-01-26T06:54:00Z,,IN,10000000,10888647513,291689
Dima Kids TV,UCb1WBEEfA4e6FOLOKAH5j8w,2016-02-08T17:15:57Z,,US,8330000,2017433611,427
★ Миёк ★,UC2GMKVR0axLRAAEiadb1swg,2011-05-24T23:57:22Z,,RU,434000,69753861,86
FAPTV,UC0jDoh3tVXCaqJ6oTve8ebA,2014-02-26T15:44:42Z,,VN,13900000,5614737042,1054
Lifetime,UCpYF_3dMxbTukeCG2GsgPbA,2006-03-05T14:20:22Z,,US,6190000,6958166623,10711
#Refugio Mental,UCgQRN9EO5ksPZjs7EasIftQ,2013-08-10T13:10:37Z,,,14100000,3651649227,938
Jorge & Mateus Oficial,UCL64gn1KZ1C-u87BGQv3b6w,2008-07-29T13:24:27Z,,BR,15000000,9687619239,335
Smosh,UCY30JRSgfhYXA6i6xX1erWg,2005-11-19T10:25:07Z,,US,26600000,10711146229,1770
VnKids - Nursery Rhymes,UC9-bW1-aXpLxJiSvFxtVt7A,2010-05-25T01:55:39Z,en-GB,VN,6200000,2035133218,124
Peacock Kids,UCY26xU0-avwTJ6F6TzUZVEw,2006-09-18T23:44:44Z,,US,9960000,6899340535,3264
Imagine Your Korea,UChhOtjq-3QyyLmP2jv9amrg,2011-06-22T11:03:47Z,,KR,893000,3631521367,789
Swan & Néo,UCzYC9ss2P77Ry2LzIDL5Xsw,2015-04-16T20:12:06Z,fr,FR,6440000,7489709501,2518
shane,UCV9_KinVpV-snHe3C3n1hvA,2005-09-22T03:45:47Z,,US,19000000,4354455867,571
Kiddiestv Hindi - Nursery Rhymes & Kids Songs,UCvEAgG7WzPZnZkf9iOV_YCg,2017-05-25T06:35:36Z,,IN,21600000,7811448305,241
Dua Lipa,UC-J-KZfRV8c13fOCkhXdLiQ,2011-02-05T14:36:44Z,en,GB,23100000,12403160357,203
Official Pink Panther,UCFeUyPY6W8qX8w2o6oSiRmw,2013-09-09T08:44:58Z,,,20600000,11547634431,783
NNewWorld,UCHhXSfCzQYAAFkpdxr7QsaA,2012-10-12T13:30:38Z,ja,JP,3350000,105667,83
Sony PAL,UCw7xjxzbMwgBSmbeYwqYRMg,2014-05-09T07:01:52Z,,,41400000,31384666340,26721
Wish Shopping,UCS0V-1JLtAV3iihfzHcdhfg,2015-11-17T22:18:54Z,,US,189000,2869543625,788
Миллион Сюрпризов,UCgfjL1enXKflahn2-b_fAFQ,2015-02-17T11:16:34Z,,UA,4440000,1521079387,301
Linkin Park - Topic,UCxgN32UVVztKAQd2HkXzBtw,2013-05-16T14:10:02Z,,,153000,2055877252,1035
Alena Kids Toys,UCpIAHQcBQp5yWGQ7UR3xixg,2016-04-01T23:31:02Z,,US,6670000,455043543,8
ABC News,UCBi2mrWuNuyYy4gbM6fU18Q,2006-08-07T23:12:21Z,,US,15900000,14083290454,86247
StarPlus,UC-LPIU24bQXVljUXivKEeRQ,2006-05-19T21:46:13Z,,IN,38400000,36578677838,73762
TOP 5 ALLTIME,UCW7O3byIHl7knv_6yzju7WQ,2013-01-11T00:25:01Z,,US,924000,14224592,77
A&E,UCNIFiHaLZkYASaWDdkC1njg,2006-09-20T09:31:22Z,,US,10300000,6733887560,10391
The Dodo,UCINb0wqPz-A0dV9nARjJlOQ,2014-03-21T20:50:16Z,,US,15400000,11283735116,8631
YL Toys Collection,UCkvWlsTswUtMVrEzlu-1sVg,2015-06-21T09:48:36Z,,AU,6960000,1788353431,46
Story Room,UCvZwfJYg92JqgZ4NGHHLgyw,2015-07-15T11:04:46Z,ru,US,4700000,441317977,3
ShawnMendesVEVO,UC4-TgOSMJHn-LtY4zCzbQhw,2014-06-10T13:34:14Z,en,,10300000,11097835871,147
Willyrex,UC8rNKrqBxJqL9izOOMxBJtw,2009-08-09T08:55:32Z,,ES,17100000,5105137783,7852
Bánh Bao,UC5DFRZ0EiT5FAebrBIHfnqA,2016-04-23T16:46:53Z,,CA,7450000,2231063934,270
TheOdd1sOut,UCo8bcnLyZH8tBIH9V1mLgqQ,2014-08-30T18:08:02Z,,US,19500000,4793000259,147
SonicToy소닉토이,UC2NvqL2gbWQXbfnLN7C9XFg,2015-04-29T11:14:20Z,,KR,7240000,3173321280,171
enchufetv,UCoGDh1Xa3kUCpok24JN5DKA,2011-11-13T01:33:03Z,,,27200000,10583498083,1869
KOCOWA TV,UCAqlxq4Bs9PjI86M9lM18TA,2017-07-07T00:18:13Z,,US,7060000,5199813356,16955
The Orient Crafts,UCKsw8iFMAp1enxgGigj0_IQ,2012-01-29T23:19:11Z,en,GB,730000,40175,21
SagaHits,UCuFwzKrS0wE43CSkyaHBGiQ,2010-12-12T09:57:00Z,,IN,12200000,6749227814,3059
ChuChuTV Español,UCBbsyG0o_cWlyY46ZRSdYJg,2015-12-22T11:08:53Z,,US,11300000,5034286867,483
Tu COSMOPOLIS,UCo4ywJQXfUIB0lCBpczW3cA,2014-08-28T02:39:43Z,,MX,16700000,5172582154,9768
Mr Bean,UCkAGrHCLFmlK3H2kd6isipg,2006-01-04T13:32:47Z,,,32800000,10996870838,3328
The Bee Family,UCtZAaljDNIsIAIhwYYzvEiw,2013-06-21T16:22:25Z,,US,10400000,3159822530,1053
BeyoncéVEVO,UC9zX2xZIJ4cnwRsgBpHGvMg,2009-09-02T23:36:39Z,en,,12700000,14777488454,167
Chill Nation,UCM9KEEuzacwVlkt9JfJad7g,2014-02-26T22:28:38Z,,US,10700000,4147045968,2387
Wit Vlogs,UCYJTYO3hhr71dNzb-Zq3RLg,2017-08-19T03:12:06Z,,US,213000,0,0
MBCdrama,UC7lb15P-Hux7A5gBuhCxtuQ,2009-03-01T14:36:13Z,,,5070000,6070018699,63123
So Yummy,UCH8NnRkxQg1zX7mHFRPq73g,2016-12-16T23:33:12Z,,US,9820000,4094766704,1063
GMMTV OFFICIAL​​,UC8BzJM6_VbZTdiNLD4R1jxQ,2010-09-13T05:07:36Z,,TH,17200000,14112689299,26245
Mor Haryanvi,UC_Rh_RLrouZHPf2vUFvaP_g,2015-03-24T07:07:37Z,,IN,12200000,6380985931,416
Susi Family TV,UC4AlCiMOQj2-vsZhmoITqPw,2017-03-28T12:18:08Z,,VN,2970000,2346735144,1018
5-Minute Crafts DIY,UC2etEuPIfohP4P53wM0KImA,2018-01-18T08:58:56Z,,US,20600000,5150202678,5721
Alex Rose,UCTADar3wgHZaPoZYGYgKGaw,2015-09-10T05:11:01Z,,US,4840000,3820342701,114
Makiman131,UCevY-z55kr37ZAXG15F-KiA,2013-02-12T01:30:13Z,,ES,15400000,4309015828,3094
DEL Records,UChYwYTzrhfxPfJPFWRlYwUg,2009-01-30T21:20:39Z,,US,11000000,7854962264,417
Daily Dose Of Internet,UCdC0An4ZPNr_YiFiYoVbwaw,2015-07-15T02:13:53Z,,US,17600000,9224107320,914
MNCTV OFFICIAL ,UC34xi8JB1AKSotPUKHywbaA,2012-11-29T03:32:15Z,,ID,15800000,8481740436,74216
Charlie Puth,UCwppdrjsBPAZg5_cUwQjfMQ,2009-09-09T21:32:32Z,,US,22300000,10484272520,159
Zic Zic,UC8yX6-5IQGOFJw31V2sw6GQ,2016-12-27T04:14:19Z,,CA,7250000,755942902,440
ExtremeToys TV,UCKV2MIICJ8Oa7_he1IZJEVw,2015-05-05T05:31:46Z,,US,8450000,5343120700,333
TV9 Telugu Live,UCPXTXMecYqnRKNdqdVOGSFg,2011-12-15T09:10:02Z,,IN,11500000,10319558305,302119
ESPN,UCiWLfSweyRNmLpgEHekhoAg,2005-10-31T23:34:22Z,,US,11300000,12673573921,75966
WE CAN SPIRIT,UCNLLldX1ixmSRf6pJgNPTnQ,2017-05-02T17:02:17Z,,IN,2550000,27803533,156
Disney Junior,UCNcdbMyA59zE-Vk668bKWOg,2008-04-22T00:31:52Z,,US,18200000,17740153058,4485
Shree Jee - Bhakti,UClwHE8uHvmozLoc8jVi07bw,2016-01-28T07:31:29Z,,IN,6580000,1444144540,2756
NRT2,UCHzdZWFHS2NSgk06c5i53rw,2009-07-23T15:56:31Z,en-GB,IQ,478000,4917195,476
LEGENDA FUNK,UCgO5cJ4sL1um054gGYusjiA,2013-05-11T14:43:52Z,af,BR,14500000,2469949788,6145
ميلاد يوسف Milad youssef,UCeX7fSgNhEnZxdtsIc0nFBg,2017-02-09T15:15:59Z,,US,4090000,3799283752,2482
NOS Atvs,UCOHn_8xQGtESfD_u66W6XsA,2014-02-20T17:19:28Z,,CA,208000,47283293,408
Selena - Topic,UCrlW6bQHVVtdz-uhJuaHISw,2013-07-04T23:09:33Z,,,127000,887316106,1209
Kênh Thiếu Nhi - BHMEDIA,UC6eq3sR4CtbvGdmInchzWUA,2014-05-05T09:12:44Z,,US,12100000,11148746551,10022
TopMovieClips,UClVbhSLxwws-KSsPKz135bw,2017-01-22T15:49:10Z,,US,10600000,7711895588,364
Wild 'N Out,UCrkzfc2yf-7q6pd7EtzgNaQ,2006-03-01T23:27:11Z,,US,13000000,5572172452,1769
Warner Music Italy,UC9PZVgJF-mX4aDDzLE4z5Zg,2010-09-23T16:13:15Z,,IT,6010000,3213899991,1560
EvanTubeHD,UCHa-hWHrTt4hqh-WiHry3Lw,2011-09-21T00:02:28Z,,US,7020000,4573768730,931
Nexa Experience,UCB0CqBMH0bpv5nLXiiJbUJA,2015-03-26T12:39:37Z,,IN,350000,1051494359,964
ABP NEWS,UCRWFSbif-RFENbBrSiez1DA,2012-06-01T10:23:46Z,,IN,40400000,14985635194,350488
TrendingPranks,UCyZxiUrJ22EWcyySENAW5rw,2014-10-10T20:16:40Z,en,US,2130000,869388,12
MSNBC,UCaXkIU1QidjPwiAYu6GcHjg,2011-12-01T19:16:09Z,,,6440000,12050180260,77980
Pixl Networks,UC1iqebKNH36JIdBIjEy8-iQ,2013-11-05T12:54:39Z,,,4080000,1741431922,71
NAGASWARA Official Video Indonesian Music Channel,UChvdpkJqIaVo7kbKPtmKXhA,2012-02-24T04:14:54Z,,ID,9120000,4762492313,1770
ABPLIVE,UCmphdqZNmqL72WJ2uyiNw5w,2017-03-03T11:52:10Z,,IN,27100000,8842181881,205226
Gusttavo Lima Oficial,UCXooz9whNJZBRTHi9AqdjPw,2010-11-09T17:51:55Z,,BR,20600000,15330513239,508
Ninja Kidz TV,UCpZ88DWlKW0H_AYDaUZptcw,2017-02-09T18:11:05Z,en,US,21200000,11813487422,313
Shalimar Telugu & Hindi Movies,UC70o5gPX_JhOosmjwoAbKCA,2013-04-01T07:47:02Z,,IN,8510000,6362080373,81598
TRANS TV Official,UCIohHXwCEKxWCLvAguJ-GjA,2014-09-02T11:37:57Z,,ID,17600000,10039687307,155928
Ali Baba,UC8uTWdM6Ns528noHMHBN15g,2016-05-08T09:34:39Z,,UA,5830000,1530942578,393
عائلة رياض,UCsc0cXTWBI7suJmQXvfs5Hw,2011-09-22T16:33:12Z,,SA,4000000,3909000049,1414
SlenderMan™,UCtr3boXbtzcDAzY9b6M25NA,2017-01-10T12:14:25Z,,VN,7100000,6304269615,2944
NEXT9NEWS हर खबर आप तक,UCRNmk0RhyeoHOgcB5xxgqBw,2014-06-10T08:43:49Z,,IN,11500000,5225997043,148797
EBS 키즈,UCx_dzPI6efSohgtOkAG43-A,2011-06-02T00:08:44Z,,,3420000,4759630698,22533
Facts Verse,UCXZpQgX1897wYDLtvzmgyIA,2015-09-17T14:32:43Z,,US,9090000,3367351508,6724
Fortnite Clips,UCRYk3H-95IhLuAstBIisSIg,2015-09-29T12:03:08Z,,,934000,16152229,37
Vikatan TV,UCEhsOgK2u8GDDoynMCj78Ng,2011-01-04T04:36:05Z,,IN,3120000,1078366021,10953
Omega El Fuerte,UCNQarcUSmjopmK3tSrdj3Vw,2016-02-17T08:22:15Z,,DO,350000,6179095,1
Family Playlab,UCyWkpcB25Hr2oN7uRlsNg5g,2006-03-11T17:38:11Z,,,4480000,3596679577,310
zbing z.,UC5zGJZpxeZPFcds5gFcDE7Q,2014-03-12T04:15:25Z,,TH,18500000,9895630568,3434
ChrisBrownVEVO,UCm1dsgJNnhaLkY3uAdqN4mA,2009-10-15T19:08:16Z,en,,11800000,14575169517,323
Dance India Dance,UCyU0H_poeSOraMD2y9Vku6A,2009-01-27T08:51:55Z,,IN,9790000,4597255059,4962
Dr. Pimple Popper,UCgrsF4TYwmrV0QsXb8AoeHQ,2010-10-20T21:38:27Z,en,US,8240000,5537875885,2911
RDC Gujarati,UCuB7zkQVpcPKzHYJn45vM9w,2013-03-22T07:25:42Z,,IN,12000000,5165054250,8930
Jimmy Kimmel Live,UCa6vGFO9ty8v5KZJXQxdhaw,2006-09-20T06:18:26Z,,US,19200000,13401997443,6678
Katie Cutie Kids TV,UCE5910LWuMTGWmIJ_WE3KvA,2012-03-22T20:40:22Z,,,9120000,5929841054,117
ROHIT RATAN Entertainment,UCSc-iXXQkg9PMiuUZcEwMew,2018-01-22T13:37:59Z,,IN,460000,150468997,73
As/Is,UCay_OLhWtf9iklq8zg_or0g,2013-04-09T18:38:36Z,,US,10300000,11932322534,4824
Na CorreRia,UCHutMB8u5KZzuHzeSJCob1g,2014-09-15T20:32:13Z,,BR,5120000,2360414627,1290
CamilaCabelloVEVO,UCk0wwaFCIkxwSfi6gpRqQUw,2016-10-24T20:50:45Z,en,,5030000,5895119633,105
Brave Wilderness,UC6E2mP01ZLH_kbAyeazCNdg,2014-09-08T22:58:06Z,,US,21300000,5062510262,987
Левушка ТВ / Levushka TV,UCzimDxQUrWdZ59Fv4ZONruA,2015-12-03T07:44:01Z,ru,US,2390000,4723274,22
Lele Pons,UCi9cDo6239RAzPpBZO9y5SA,2015-09-19T01:11:59Z,,US,18000000,5404356095,185
wifistudy by Unacademy,UCuWuAvEnKWez5BUr29VpwqA,2014-07-26T07:17:25Z,,IN,15900000,3082336454,54451
JTBC Entertainment,UCFL1sCAksD6_7JIZwwHcwjQ,2012-10-04T05:06:44Z,ko,KR,7760000,12245068781,83284
Lahari Music - TSeries,UCnSqxrSfo1sK4WZ7nBpYW1Q,2011-11-21T04:28:11Z,,IN,17500000,12600781776,9079
Rafa & Luiz,UC6paX0kLA8D81aYogceMufw,2015-08-26T14:27:32Z,,BR,24500000,8835990870,3284
TLC,UCqf2gzmKtH3PaAbt-qgFFsw,2006-01-07T08:25:28Z,,US,7660000,5363214780,7747
Nirahua Music World,UCKNGMXJHTiGFdZNSo_zs3fQ,2014-05-15T13:15:01Z,,AE,12600000,6461439336,821
Tasty,UCJFp8uSYCjXOMnkUyb3CQ3Q,2016-01-22T23:05:31Z,,US,21300000,6018471696,5136
toyorbabytv,UCHAbNxkU837UAkZ-OPtdUUw,2012-11-01T19:09:00Z,,JO,24400000,17680514592,1223
Marco Flores Y La Jerez,UCJrSnH8QrJQR_l0obYjAcIg,2008-06-05T18:24:36Z,,MX,858000,554018970,1094
AdeleVEVO,UComP_epzeKzvBX156r6pm1Q,2009-10-15T19:07:17Z,en,,15000000,13021300562,52
Daily Bumps,UCyCyTe_1bT2aIPwG_gxbyeg,2012-12-31T20:41:26Z,,US,5110000,4112992665,2836
Sonotek Punjabi,UCuajwgnxd-uxvNzzwYwjifA,2017-03-07T08:01:49Z,,IN,8520000,3165949796,1672
Antena 3,UC84t25xqhPEPpGY7NBZJ_eA,2006-03-11T19:13:45Z,,ES,8200000,7978642096,27031
Izabela Stress,UC8-4DBG_s3OvpuNFdEYxnFA,2016-02-05T20:15:27Z,,,11100000,6187093671,1831
Indosiar,UCYqOeAXJm8yV9sJ8Ud3cR7A,2013-09-23T03:20:11Z,,ID,28700000,6187688010,20819
Diogo Lopes,UCOqbjHIdtDFWt7voEKlQZww,2015-11-03T01:32:42Z,,BR,135000,79566,72
TV Thunder Official,UC3pyPJdd1J4OWCTnUd0ychA,2015-04-01T08:50:59Z,,TH,7250000,4132709780,18989
DJAVA ADVENTURE,UCm42RZqlteb37XJp5oRJ3Sg,2016-12-31T18:10:49Z,,ID,100000,195940,39
Indian Melodies Haryanvi,UC9lCyYV6W4OWGD5nvsARqfg,2016-02-16T11:03:50Z,,IN,3140000,135690270,109
Barbie,UCadtap8RYMNy8w4K9lXhzpQ,2005-10-08T07:30:08Z,,US,11900000,4466172594,3305
Flashback FM,UC-GAhNmY6bkuuRPUSaRI_oQ,2010-04-13T13:31:41Z,ru,US,8050000,8126394068,1665
RihannaVEVO,UC2xskkQVFEpLcGFnNSLQY0A,2009-05-12T05:29:11Z,en,US,25000000,20135700062,118
ChildishGambinoVEVO,UCjYO25ZVJT523TD1iYHzcbw,2011-05-09T21:56:45Z,en,,1640000,2857901539,43
Erkenci Kuş,UC64mzacdticc87zH870bQGA,2018-06-01T07:37:43Z,,TR,2730000,2390133250,2349
AdMe,UCuVpbMt4yu4I9eAey3khnGg,2015-04-20T07:08:58Z,,RU,16400000,4709692426,7411
Ya - Alisa,UCVbPnm-qCjH-8Yl1-k4BQkA,2015-04-30T16:01:22Z,,US,11100000,2150564215,558
The LaBrant Fam,UC4-CH0epzZpD_ARhxCx6LaQ,2012-08-24T01:44:00Z,en,US,13000000,4604493450,619
Avances por Vlog Novelero,UCM48w0E2qta_okWJw0EkHBQ,2014-02-11T16:13:11Z,,US,1670000,204246,6
TRANS7 OFFICIAL,UC24_Z2L-8Ki183AI9zJJzNQ,2014-09-04T12:28:11Z,,ID,25800000,14953789718,94633
Piso 21,UCEFNzT2RoVqGkV4e3Osyx4A,2011-01-27T21:02:17Z,,CO,7670000,7578258997,513
Latina Televisión,UC3rDtLrcgr3JS3_3JOW4BAw,2013-06-08T12:22:02Z,,US,5310000,2357704950,38773
Funny Stop Motion videos,UCXLw_h6bFfPOKbDJXDUjA-Q,2013-01-28T00:04:29Z,,ES,8220000,4366075836,2837
GamingWithKev,UCrkfdiZ4pF3f5waQaJtjXew,2015-05-08T04:25:58Z,,US,12500000,5590893326,3003
Home Bollywud,UCfyKktpUgdV5xDEhakicCsw,2018-01-04T06:09:38Z,,IN,6160000,2664052783,7535
Truyen Hinh Vinh Long,UCYIUuKyiDCBnG-tp6jr-1nA,2014-09-24T06:51:36Z,,VN,5310000,4078629001,28400
JenniferLopezVEVO,UCx1f1u4XlFFr0YgqF3wB4lQ,2009-09-02T23:35:13Z,en,,6810000,9294706531,123
Little Angel: Nursery Rhymes & Kids Songs,UCNzsYU0aWwjERj-9Y9HUEng,2015-12-14T01:46:17Z,,US,31100000,23629315922,1436
Comedy Central,UCUsN5ZwHx2kILm84-jPDeXw,2006-06-14T11:18:40Z,,US,11700000,6683131386,6211
Britain's Got Talent,UCUtZaxDF3hD5VK4xRYFBePQ,2008-04-12T21:10:21Z,,GB,20100000,11583396742,4349
Wish 107.5,UCdfq8-581QVUtVsa8ChVnDQ,2014-07-13T14:54:40Z,,PH,14600000,6449428567,1967
Talking Tom & Friends TV,UCDCNmuaOXOo25Yn4mbMHhhQ,2010-10-14T19:57:56Z,,US,15700000,6593690894,495
Super Polina Play,UCGXUFnA7-MzlMwJjl0r2qyA,2016-02-29T11:32:06Z,,US,9410000,2070983687,408
ATIME,UCFhn9MQ7UTyeDqfn2Kt0dyA,2010-10-26T10:51:23Z,,TH,3760000,2474152742,15992
Good Mythical Morning,UC4PooiX37Pld1T8J5SYT-SQ,2008-09-17T14:37:49Z,en,US,18600000,9209302567,3549
حقائق وأسرار,UCBzrJ1zGf9-0cd5-n7sBraQ,2016-05-27T18:55:59Z,,SA,14700000,2241969615,1388
Top 10 Talent,UCeBWh-0p7vgBeD6HOHBpfwQ,2016-06-29T09:32:00Z,,US,9950000,1722850299,610
SQUEEZIE,UCWeg2Pkate69NFdBeuRFTAw,2011-01-09T01:56:21Z,,FR,18700000,10426851356,1617
ANTV - Truyền hình Công an Nhân dân,UCIg56SgvoZF8Qg0Jx_gh6Pg,2015-06-04T03:07:19Z,,VN,6970000,3420183554,59099
Ceylin - H Official,UC_klp3SfMIWQHK0Q0HWKJuA,2015-02-04T18:45:13Z,,US,11500000,8154520189,418
Mejores Juguetes,UCVnu0ZtcaY9bpJgdxAaqagA,2014-05-13T10:22:02Z,,ES,11600000,3820874196,886
Hindi Fairy Tales,UCsyoNsqE37tZIkuvqVPTa7g,2016-06-06T09:06:35Z,,AE,11300000,4713472216,671
علي زوره - Ali Zora,UCrBQjR0w_5tEkne1bwUMdwA,2016-08-31T05:09:48Z,,IQ,492000,2329414,47
Telemundo Novelas,UCsDG_lFhRcvC14XRYVLeIfA,2012-08-14T18:08:07Z,,US,10600000,6463362437,15711
Мастерская Настроения,UCRW3VLiVep5Ud4Ovhj2eUyA,2013-08-10T15:04:53Z,,RU,14000000,4019240011,1137
National Geographic,UCpVm7bg6pXKo1Pr6k5kxG9A,2006-05-07T09:30:39Z,,US,22600000,5860706211,10345
ボンボンTV,UC6VSFaHYbR-bhNer7DXxGNQ,2015-06-19T13:02:26Z,,JP,2420000,5666709391,6565
Laurinha e Helena - Clubinho da Laura,UCqeXVpv9hfwxNgO9RaGceUw,2012-08-19T22:40:07Z,,BR,10400000,2632132724,1108
옛드 : MBC 레전드 드라마,UCG5bAssl2H0wjLG4BEv5ScQ,2011-12-26T09:22:58Z,,KR,3720000,6870036236,45621
Disney Kids,UC7Gf2tZ8coTX2ckTPgn62iQ,2010-07-07T09:40:22Z,,GB,11600000,12103698532,2848
Kan & Aki's CHANNELかんあきチャンネル,UCNHqosTdwFPSK5OQsjFoS5g,2010-05-01T22:41:47Z,,JP,3840000,10618935565,2821
Coke Studio Pakistan,UCM1VesJtJ9vTXcMLLr_FfdQ,2014-08-07T12:57:10Z,,PK,14900000,4361585759,573
Donna the Explorer,UClG3xO5ruPVabweBBOzZlrQ,2015-04-20T12:56:54Z,,US,5310000,1651448995,164
O Reino Infantil,UCooY3HgjOMWoDpIHMDM4ghQ,2014-08-19T14:31:56Z,,BR,15200000,10264762432,1080
Kollywood Cinemas,UChiNYsxUvw_RUiq8km9sxNg,2017-12-27T06:24:56Z,,US,1160000,45704081,8
Brianna's Secret Club TH,UCIfmX_7CyJOpIeEKrp79M6g,2017-03-17T09:10:43Z,,TH,7950000,4137440004,2429
Warner Music México,UCP1b9jYyEqiNhJi4GqYdovw,2007-02-20T04:43:33Z,,MX,4930000,7025659392,3572
Shot of The Yeagers,UCXzblaNPtmDBc1QN01fSTzw,2015-08-09T20:29:57Z,,US,6340000,5109763241,2517
Toy Wizard [토이위자드],UCI55Yj9y3-5_vV7eW6qZHJA,2017-03-26T13:58:10Z,,KR,1890000,4240,3
Haschak Sisters,UCMkfcY0uNTa7hccthSooPnQ,2008-02-05T17:58:33Z,,,9520000,4158890941,279
KSIvsLogan,UCVrQ3fgcMGF8SyowGNaZA6Q,2018-07-09T17:31:33Z,,US,1150000,122548050,16
Julia MineGirl,UCEOGSdXwcXcNfcuDGbjmgOw,2015-09-21T12:21:44Z,,BR,10600000,8118401317,2520
GRM Daily,UCqTwKvjbTENZDGbz2si47ag,2011-08-25T10:21:55Z,,GB,6240000,7361342869,14546
Zig & Sharko,UCcKJJuOe2tOqgrKw0Gks-sw,2015-05-06T14:16:18Z,en,,15000000,9371706961,1091
Jelly,UC0DZmkupLYwc0yDsfocLh0A,2014-05-27T13:19:08Z,,GB,23600000,14994584385,6275
SAS-ASMR,UCp4LfMtDfoa29kTlLnqQ5Mg,2016-04-06T18:08:54Z,,CA,9390000,2929053289,2131
WhenGamersFail ► Lyon,UC1OGV4dczjRz8wNLRaezJ5Q,2012-04-16T10:15:26Z,,IT,4940000,7703038726,8331
Fernanfloo,UCV4xOVpbcV8SdueDCOxLXtQ,2011-05-02T05:32:42Z,,SV,46900000,10511176353,544
Kids Labo TV,UCaDYRLZC8FL-Df3ZJHDnpzw,2015-07-01T02:45:33Z,ja,JP,3760000,3813848,243
Me contro Te,UCfGk2x9k0vE14OoMlifGLCg,2014-09-28T20:41:28Z,,IT,6790000,10147269447,2818
Vinamilk,UCS9JKqDiIJqps1S8kpcx2Xg,2014-10-14T11:42:47Z,,VN,2050000,6038447431,1431
DIEN QUAN Entertainment / Giải Trí,UCA3GtNtuKvcj6VrwZ5Gpx9g,2015-11-03T07:19:37Z,,VN,5790000,3468785517,6842
GamingWithKev,UCrkfdiZ4pF3f5waQaJtjXew,2015-05-08T04:25:58Z,,US,12500000,5590893326,3003
Learn and Play,UCkAUThuNDCUG1RMRiCZTm5g,2017-11-28T19:04:05Z,,AZ,4230000,64313236,47
Аид [VyacheslavOO],UCPX53dr-NSKoXspKmXanbCw,2012-12-21T15:40:00Z,,RU,9160000,4118993208,2617
HAR PAL GEO,UCe9JSDmyqNgA_l2BzGHq1Ug,2008-01-02T07:13:00Z,,PK,50400000,48612330947,120920
MrSuicideSheep,UC5nc_ZtjKW1htCVZVRxlQAQ,2010-04-09T15:30:04Z,,CA,12800000,7091182742,3615
WB Kids,UC9trsD1jCTXXtN3xIOIU8gg,2015-03-31T18:07:46Z,,US,26900000,12094188718,2172
1MILLION Dance Studio,UCw8ZhLPdQ0u_Y-TLKd61hGA,2015-02-06T09:32:21Z,ko,KR,26300000,8127878894,6803
IDJVideos.TV,UCcF7lkZqxzI2asePTbksVdA,2011-05-23T12:09:29Z,,RS,3830000,7396494259,1290
Two Super Sisters 2,UCjah4obLivaa4UZ96hhJNMw,2016-11-16T19:06:00Z,,CA,3880000,336729,15
T-Series Hamaar Bhojpuri,UCpN-WGQgGsOrXm7nHXDdTDA,2011-11-01T07:30:30Z,,IN,17100000,8416378470,10228
Pen Movies,UC3ar28GS6o1p0m_wabfk2zw,2014-03-25T09:42:26Z,,IN,26100000,7287552016,1687
JP Plays,UCYSrT9w_V_5wpEahYXTeXUw,2014-10-08T18:25:50Z,,BR,11100000,4700653376,3887
XOMG POP!,UCeV2O_6QmFaaKBZHY3bJgsA,2015-02-01T20:37:44Z,,US,12200000,2696016795,328
Tareq Qar Archive,UCHWXrbZb6jKyZpM3uw1XFyA,2014-06-16T16:02:44Z,,JO,278000,107007541,260
Two Players One Console,UCpyDd4YbikHZE-DtNGfpdjQ,2015-09-29T12:54:49Z,,IT,2890000,3045986402,3884
Samsung India,UC3O8-tKnz9VUn3sxZKyKN3w,2009-06-29T13:56:07Z,,IN,5020000,3967140570,2138
湖南卫视芒果TV官方频道  China HunanTV Official Channel,UC1pHFqCMAIHP8gr4lYGtNLA,2013-01-29T02:38:59Z,zh-CN,HK,5130000,4870192274,76206
Discovery Kids,UC9PIfDp0yx6QRTMVMltMZyA,2016-03-02T17:45:44Z,,AR,6320000,3138930699,2639
Troom Troom Es,UCu6oyJJ6PlkeNNv6n26ZNyA,2016-02-05T10:01:45Z,,,20000000,7599691905,3067
OfficialWhiteMusic,UCNdqGgAK2u-EucN4IAIqP7Q,2011-05-25T06:58:27Z,,TH,4250000,4307287459,2826
NTV Telugu,UCumtYpCY26F6Jr3satUgMvA,2014-08-24T10:53:44Z,,IN,8020000,8270322680,327858
truTV,UCb0xfM3HGOsqPYNAocXXNAQ,2008-02-26T16:05:48Z,,,3410000,4555658811,5662
SCTV,UC_vsErcsq56hOscPHkG-aVw,2011-12-02T07:10:07Z,,ID,20400000,9446849397,51482
Chim Xinh Channel,UCfbLbMIfoy4Oq8Sj5HNzY7Q,2015-04-02T03:48:15Z,vi,VN,5490000,2650134198,2707
TMG Record Channel,UCymN26Slw16Wrb-Dx0SJX-w,2011-03-05T13:38:08Z,,TH,5560000,3276774610,680
DC Kids,UCyu8StPfZWapR6rfW_JgqcA,2015-03-12T15:49:20Z,en,US,7230000,6838036150,2215
América Televisión,UCGGry4kGWZUqIfG6LLNhOmg,2015-07-09T14:58:00Z,es-419,PE,7030000,6190287708,51163
PostMaloneVEVO,UCOhtMAg7xh8wv_wUHMgFc-Q,2014-09-30T19:46:15Z,en,US,3860000,9608584932,118
THVL Phim,UCrS7tv883mVqv07HKgVuwAA,2016-02-20T04:15:00Z,,VN,5170000,4872023867,29024
TB Trends,UCtv2PuWwWzJml7i8nFTwX7Q,2017-01-14T11:13:12Z,,VN,1010000,232790247,2074
RCM Bhojpuri Hit,UCkAoKHarkL0cmwiPtluQUXg,2016-11-22T08:58:29Z,,IN,9250000,2595962079,9985
DJKhaledVEVO,UCrFB54bqp8sda4udJyNswlA,2010-02-15T11:12:08Z,en,,4890000,6192430205,131
JonasBlueVEVO,UCC6sWkXNQqyS2r6u6xQ_GdQ,2015-12-07T17:32:54Z,en,US,1960000,3485262916,118
Samsung Vietnam,UCSGD1TbYm5ZEZtGKQlkZ69A,2011-02-17T07:06:48Z,,VN,2210000,3757663758,2321
Jass Records,UC9Gjog4enoDWRWTaYuamx1g,2014-03-13T11:33:13Z,,IN,13200000,6340641335,5593
Talking Angela,UCPcynnZcILjm0e2aaaTuCjw,2014-09-02T09:26:55Z,,,13000000,3825144462,262
JK YADAV FILMS 💘 BHOJPURI,UCLXdX1ESZOPqh7spPaxZy7w,2017-02-19T17:16:14Z,,IN,4670000,1916638974,8737
Mê Phim,UCha5OPSLGU99o_DYSYOb5wQ,2017-11-30T06:18:48Z,,US,1000000,118202204,616
Zee Music Classic,UCLWCv3y3FK1pqEbe_yzilsw,2014-05-20T10:44:45Z,,IN,16500000,6063628087,1660
DaniRep | +6 Vídeos Diarios De GTA 5 Online!,UCHIwQiZhIn6fm5b_IilqBbQ,2012-10-29T20:05:51Z,,ES,12800000,7284307660,12930
Al hayah Series TV,UCfM85hxqqKrgGHgFDwcwOpg,2013-07-07T02:14:04Z,,EG,4160000,528244720,1743
Denis,UCOaMOXfe8EWH1GJyhqhXrAA,2016-03-10T18:18:22Z,,US,9330000,4007920860,2805
Chespirito y sus Amigos,UCJGLRAYP8SwDiYtPL9N06Tg,2016-12-20T21:00:08Z,,,2100000,1172635129,877
เด็กเลี้ยงควาย,UCUH59dXFH-xVqgBagbJJMhA,2018-04-07T14:22:37Z,,TH,1490000,385315474,61
Taty por Aí ,UCRTgiznzGFwjE6Ofg_xjPcw,2014-09-01T01:45:43Z,,,353000,4656,14
ArcadeG,UCT6WT_hTH7HCoPDLfj7i2uw,2010-03-11T23:02:37Z,,GB,2670000,398885899,557
tvnpl,UCkhF9pRVYFI9aXM2in5JGmg,2008-08-12T16:08:26Z,,PL,2410000,3659582396,15098
Albin Lekhove.,UCVQH_BZr05R5pKZnvX-AHqg,2016-11-23T17:00:59Z,,SE,188000,66206280,4
Aoffy Maxim,UC1XBVkdmE9kfcP3zWtnD0dw,2016-03-03T19:00:37Z,,TH,4810000,1375433873,411
Queen Official,UCiMhD4jzUqG-IgPzUmmytRQ,2008-07-07T13:35:27Z,,GB,17400000,10949772910,1105
Life with Brothers,UC66qTRH20AvahadBgw5YYyQ,2016-11-02T17:26:48Z,,US,6440000,3385916167,1519
Crunchy Fluffy,UCGdfSaDH9ge4d1yWvSvOWqQ,2016-10-05T22:07:13Z,en,US,2690000,978307579,941
SilvestreDangondVEVO,UC1R8FARF5_LKkZ-w05Yqwug,2009-09-02T23:35:56Z,en,,1680000,3780373954,266
Dave and Ava - Nursery Rhymes and Baby Songs,UC6zhI71atP7YLoZyIyCIGNw,2014-12-04T09:22:53Z,,US,15500000,11186239046,939
PrinceRoyceVEVO,UCphlOJ8CqfyUi9ayZ2UZmfg,2010-02-19T21:19:57Z,en,,5710000,5960085766,163
Маша та Ведмідь,UCHZcTOQMlcCmONp5Apm6qSQ,2014-07-17T09:45:26Z,,UA,14600000,6304136331,1451
BB Ki Vines,UCqwUrj10mAEsqezcItqvwEw,2015-06-20T08:40:00Z,,IN,26400000,4897053748,191
Pen Multiplex,UCObyBrdrtQ20BU9PxHQDY9w,2015-08-17T06:50:52Z,,IN,12000000,3489089393,2996
스위트티비 SweetTV,UCnCXqo9jcQaHjW0iZM7tPOQ,2015-09-13T01:41:27Z,,KR,5540000,2897263762,436
Vy Qwaint,UCmRY4NSGK52lP_Lz11CjdYw,2014-03-12T20:02:37Z,,US,11700000,5966825278,592
Shots by AK Films,UC6EI4mb7Cnb7uyxvsRWtcQg,2013-12-03T02:06:05Z,,US,4040,870215,235
핑크퐁 (인기 동요・동화),UCqXwKu6dKobXEQFhdKtiJLQ,2014-03-11T06:13:16Z,,KR,11300000,7409689404,3508
GEazyMusicVEVO,UCjjC1Jk_1o1VWpLalgo21XQ,2014-04-25T19:53:03Z,en,,3590000,4833108943,193
Zee 24 Taas,UCVbsFo8aCgvIRIO9RYwsQMA,2010-04-06T14:09:58Z,,IN,8240000,6633807621,336772
Power Rangers Official,UCpgxmlXoDtkYzRQ4cJgCT5A,2010-11-25T15:55:52Z,en,US,10100000,5557224612,4598
MovieCon Animation,UCJVfKoXyh7sdV4V0YdYTePg,2015-04-28T00:33:40Z,,,5170000,1949738127,1018
JannieToys,UCXWyBhNkv67f0v4GpUhF1mg,2017-10-16T15:46:06Z,,US,2610000,45844724,37
Познаватель,UCXTMoE1XgvxN4iCt5-gZzCw,2014-10-20T18:32:17Z,,UA,19500000,10054996713,511
Paulinho e Toquinho ,UCzmfQwPcjXGOvTLnGJQFUvA,2015-03-12T01:53:26Z,pt,BR,7210000,2381516685,691
know more تعرف اكثر,UCINUf3i8RtrCpSt0YaY2u7A,2015-06-22T14:15:03Z,ar,LB,788000,600893,12
Unbox Therapy,UCsTcErHg8oDvUnTzoqsYeNw,2010-12-21T08:00:23Z,,,21800000,4631758233,2265
HikakinGames,UCX1xppLvuj03ubLio8jslyA,2013-08-17T07:51:47Z,,JP,5990000,7684340490,2141
Gato Galactico,UCbt4SegZBQLeXMTMvnrfZtw,2013-04-02T19:53:37Z,,BR,17500000,1841596559,1376
Lazada Thailand,UCn-V4QcDlfMqk8bYIj-SThA,2012-04-05T11:45:56Z,,TH,613000,4869109215,1602
MoratVEVO,UCncmmq2xV1002xNnx9_rDhw,2014-11-04T19:41:58Z,en,,1670000,4733490053,93
Renato Garcia YT,UChMJkHCD2wdvSO7CMOuLR-w,2011-09-29T15:13:52Z,,BR,27700000,8405002230,4218
Warner Música,UCKTWUJqT3NSZ50I49ExjWZQ,2007-01-26T20:28:32Z,en,US,6930000,4924761984,949
TEDx Talks,UCsT0YIqwnpJCM-mx7-gSA4Q,2009-06-23T16:00:48Z,,,40100000,7712122864,210349
Planeta das Gêmeas,UCqqGXzmJn6biINRt5OILmRQ,2015-11-21T03:35:13Z,,BR,14700000,4191253382,836
James Charles,UCucot-Zp428OwkyRm2I7v2Q,2015-12-01T22:04:43Z,,US,23900000,4285717750,557
packattack04082,UCg_j7kndWLFZEg4yCqUWPCA,2007-02-08T04:11:16Z,,US,5460000,7000645666,7650
Trimurti Cassettes,UC0pjYdWYOiD3-toOOyZZApw,2012-04-20T06:23:32Z,,IN,9410000,4148468652,5625
Al Hayah TV Network,UCWuj6cpZL_T1U508Y082u3g,2014-06-05T17:57:16Z,,EG,9180000,3304515778,159909
GMM25Thailand,UCTP5z0kFg6-nPcZ79gTC67Q,2011-06-08T15:57:13Z,,TH,15000000,8817391677,71534
Mango Music,UCWqyzn3cDkRDh3kRGWrIQwA,2006-07-24T22:03:53Z,,IN,7580000,2576438184,7065
Google Indonesia,UCMb3rZTtSLWFCkDJHglbxVA,2008-10-24T02:43:54Z,,ID,864000,1589095116,1083
HPLUS Phim,UC0FT3GYB73T_qJnKHR6qs2w,2015-03-12T09:07:11Z,vi,VN,3560000,937832903,5813
Wam India Movie Talkies,UChOXJw1nDQMmaGZg1DOv8bQ,2014-10-25T13:42:10Z,,IN,5760000,673668129,138
Deji,UCrqsNpKuDQZreGaxBL_a5Jg,2011-12-01T22:28:48Z,,,12200000,4182106153,2025
Follow Me,UCdvorvtyQZc2n_zPA5W6ugA,2013-07-04T13:42:00Z,,ES,4530000,1794389670,342
BuzzFeed Multiplayer,UCBUVGPsJzc1U8SECMgBaMFw,2014-05-05T19:01:18Z,,US,9580000,4114477007,1878
Boys and Toys,UCWI7puXzGTPuxsoW2HD3XxQ,2015-09-02T21:30:07Z,ru,US,10400000,4846922338,540
办公室小野 Ms Yeah,UCRB4xZ_2ew7fzmrcv8aj4Lw,2017-02-15T09:26:45Z,en,US,13700000,4766828091,435
Lokdhun Punjabi,UCHcDpS0TXITVs0ZrBSIsEsA,2010-12-27T07:17:52Z,,IN,13400000,5291637463,1212
서은이야기[SeoeunStory],UCVihezVtsguXEouYvtKmKYA,2016-05-01T15:22:08Z,ko,KR,9300000,1869830520,1253
Thuy Nga,UC7nMrW3baKp0dA5Tz9ulVYQ,2015-02-11T04:32:12Z,,US,6430000,6043650630,4450
Wave Music Bhakti ,UCjb5iAXrj1D6NjHJYvDGw7w,2011-04-19T08:51:22Z,,IN,12900000,5371558159,20360
ToyMart TV,UCbWPYsyJX1-7uvfOw3LkLqw,2016-02-15T09:15:06Z,en,US,4830000,2004518722,811
Thibaan Channel,UCiARyB1wacrhQOhhT1K69Wg,2016-06-04T14:40:32Z,,TH,4610000,1735397537,966
Dan-Sa / Daniel Saboya,UCEUf_uUDUfJJ3XfgwOxm-0A,2007-09-22T16:17:49Z,,BR,18600000,382164702,1919
JTBC Drama,UCkbJc8jMcTXwhtmN5VMwfXg,2012-02-08T07:27:11Z,,KR,4860000,5593129071,29969
IMPERIA,UCaWaxupwQ7Pssm94Xcxi8LA,2006-12-13T21:43:06Z,,AT,1810000,3902201460,260
サメニンジャー,UCoe6KbXN6i2_ZstNmIxH9dQ,2014-02-17T13:41:34Z,,JP,2190000,109757299,226
infobells - Tamil,UCHcn4Ux-sO9nzNu7rDsoQLg,2014-03-13T11:09:35Z,,IN,30700000,19095487395,616
Ameli TVIT,UC9FqpQX13mX-lLBWlTZ6Q0Q,2016-03-29T18:05:45Z,it,IT,5310000,2592576839,754
Music Nepal ,UC7WYScFxhgJeeL_sJkd8JYg,2011-09-07T04:14:47Z,af,NP,8530000,3670958025,12615
CUỘC SỐNG 24H,UCZcCmWhvK0gfThyWRmRerDQ,2013-07-19T10:57:03Z,vi,VN,4650000,4611350145,68426
WildBrain Niños,UCezM7Oug0cC4mW-9o60AjRA,2013-02-20T18:50:50Z,,ES,9970000,3806996871,4503
UnspeakableReacts,UCKYb5XBe-5OSEgLijLSoDtw,2012-10-09T23:53:29Z,,US,11400000,5218509070,2795
Dora the Explorer - Topic,UCQ1ihTi5OS_RIr7eQE3IBhA,2013-07-03T15:06:23Z,,,35800,71132895,267
Solnishkam,UCZLpYvytvI4PZCs4gmtzqgQ,2012-11-13T19:28:08Z,,RU,5150000,951422410,11
Sony AATH,UCBz9qbqujcjIavFmBJW2oZw,2013-11-13T08:56:08Z,,US,22100000,16184429713,20746
Bela Bagunça,UChYWDADhmWJU6_X7Vm7FzDw,2015-03-27T17:33:46Z,pt,BR,12400000,2936433652,1201
Vat19,UCDRbNGFusqlXX4a5vwi9ouQ,2007-02-28T15:10:22Z,,US,9930000,8789243043,2463
The Shiny Peanut,UCgiO267R4Qo-SJF2UzH5ccQ,2016-10-26T13:21:57Z,,ID,12800000,2863481051,2338
Official Sabyan gambus,UCfMcMOvgflhwW3FQtLosn7Q,2016-01-04T06:19:46Z,id,ID,7220000,1937837931,12
Caracol Televisión,UCcpE1fmG2qBZatj28bak2ng,2007-06-26T22:07:18Z,,US,7500000,3241085107,24621
Wesley Safadão,UCciJLMuECsXuOyhA4FO48Sg,2009-06-21T02:40:12Z,,BR,13800000,8437742086,441
Notícias Agora,UCJhiDCM9WaO185mgWlVhBiQ,2016-06-23T17:58:33Z,,BR,221000,7862,9
뉴스TVCHOSUN,UCWlV3Lz_55UaX4JsMj-z__Q,2012-08-23T12:33:18Z,,KR,1810000,1898434238,99325
PHD Sports,UC7mc9-vty5WAeIYi0PIkONg,2017-03-16T16:05:50Z,,VN,7280000,4649465155,993
Animal Cute,UC6-YfN15oLcbL4I7RGbuKnA,2016-12-30T07:20:19Z,,US,5770000,1933754297,77
Rathore Cassettes,UCbSGbqIVds2FiYn-0v0AqSA,2013-03-07T09:58:19Z,,IN,13000000,5138458011,6068
AP International,UChtEvBpe2GQkVzzxvMLLUHA,2006-12-10T06:34:22Z,,IN,9730000,7018665779,28296
Lilly Singh,UCfm4y4rHF5HGrSr-qbvOwOg,2010-10-29T06:29:13Z,,,14400000,3533927391,1147
Comedy Wale,UCAWWoipi8gcLwDRmdd8oZKg,2016-08-05T04:51:14Z,,IN,9730000,1035426023,2863
Larva TUBA,UCph-WGR0oCbJDpaWmNHb5zg,2011-09-23T09:04:57Z,,KR,10100000,4606754573,2239
AquaFPS,UCYBj-GYx_ihae1MfSJQS7nA,2007-04-26T00:01:20Z,,US,701000,108386137,659
Guka Family Show,UCjTtxUhrLl5Arwv1k36MS-g,2015-09-05T17:43:55Z,en,US,6560000,2357631774,988
PetitGarçon Adam,UC1Sqwf6_UfBB_eNrOwcvacw,2015-01-23T12:12:54Z,fr,,2400000,609057210,203
M2,UCTQVIXvcHrR9jYoJ6qaBAow,2014-04-29T08:20:10Z,,KR,9650000,9057442184,22205
Rotten Tomatoes Trailers,UCi8e0iOVk1fEOogdfu4YgfA,2011-04-01T18:43:14Z,,US,15800000,13296783968,10918
rsfriends,UC8GkZ5dlOrw-yN_nkOAIzPA,2009-11-25T03:01:14Z,,TH,10100000,8403669177,4125
NickiMinajAtVEVO,UCaum3Yzdl3TbBt8YUeUGZLQ,2010-04-01T19:46:26Z,en,US,12500000,9066370149,100
DANIEL EL TRAVIESO VIDEOS,UCgSk89VX4QiKZsjS25FCBsQ,2014-02-14T17:43:22Z,,PR,12200000,5012278779,370
Ishtar Bhojpuri,UCW91g3oy4NPPkhvptikjsbg,2017-11-22T06:19:33Z,,IN,10100000,3798511015,909
MEEY TV,UC4PWQfUTDgxEBwmmLhRWTJw,2016-08-18T04:19:28Z,,US,1090000,1121989,2171
Genieland,UC3q2YwNGj7ktNf70PqMW72g,2014-05-21T20:23:36Z,,US,6280000,4360224693,2423
Mila Toys,UCUfYVtRU4bR9pi2rMWiUB9w,2016-04-24T08:57:13Z,,US,1610000,256618238,67
ONE Media,UCzcRQ3vRNr6fJ1A9rqFn7QA,2006-08-10T04:54:30Z,en,US,4720000,5161966449,6907
Imedia Series | آي ميديا مسلسلات,UCf0OczBVeGQLAlI8xAYHuhQ,2013-07-13T16:02:37Z,,EG,3720000,1949734830,11707
콩순이 Kongsuni,UC3sCmmMaM383cjv1jNdiU2w,2011-12-13T05:02:22Z,,KR,5250000,5142667766,1536
Little Baby Bum en Español,UCHicabXz9rUMWLcdMqBtbxQ,2014-06-06T14:28:26Z,,ES,12500000,7062982450,1566
The World Adventures हिन्दी,UCr8EWTz_8ljPyE27CiSbsGw,2016-09-09T19:35:50Z,,IN,13300000,2143259401,1123
Sidharth Music,UCl14vsKo26SS8OcHedmmaPw,2016-06-15T06:20:29Z,,IN,3540000,1514211752,2264
Vidéos Drôles,UChWtAcrAaMLAa8Zh_ablfrg,2014-01-04T21:19:28Z,,US,992000,336449444,597
Dynatic Films,UCFEpFpv82DGownPexhrpkZg,2017-04-12T15:25:33Z,,US,2090000,62969986,769
Dropout,UCPDXXXJj9nax0fr0Wfc048g,2006-10-09T14:14:10Z,en,US,14800000,7271576437,4483
les boys tv2,UCErphF_9VoXQB29BVDK9_Jw,2017-02-07T15:33:26Z,,US,14400000,4579568364,453
ABP MAJHA,UCH7nv1A9xIrAifZJNvt7cgA,2014-07-30T10:17:31Z,,IN,12300000,10984677571,363588
5 DAKİKADA HALLET,UCMX67L1CGxutIdUynvpQnmA,2018-03-01T13:36:01Z,,TR,6390000,2361914914,5426
แมวเป้าบันเทิงศิลป์,UCN5Cj2tr48OoyXGUnsgrVCg,2013-10-09T14:26:22Z,,TH,1050000,5042391,344
Oh Long Johnson,UCdQdmd81Mw0Qx-GJn7ExJRw,2016-04-10T15:55:11Z,,US,2930000,1223360698,471
Masha e o Urso,UCJKBSfD5JSUxGhriFeoPCCg,2016-02-15T15:24:12Z,,BR,20100000,9061136368,1341
Selena Martinez,UCXlssnvpl-AaRA3TThXLq_A,2014-05-13T03:50:28Z,,,199,2556,19
o SHOW o,UCIBE7NoWUlV1I-LVi9ApR5Q,2016-04-30T02:13:11Z,,US,490000,167378663,340
Saregama Music,UC_A7K2dXFsTMAciGmnNxy-Q,2013-01-04T10:53:12Z,,IN,39300000,18443886379,8366
PlayToys,UCHFA6Nt11kE_8OWIya0SQDQ,2015-02-19T16:24:02Z,,GB,7770000,3040068349,1023
Ambey Bhakti,UC5fbdgYVnVwnEcM2KnaeZ0g,2013-03-25T04:34:58Z,,IN,11100000,3516866627,6118
Трум Трум,UCq1JpGFxcZTbbOAz010U-og,2015-10-12T18:07:32Z,,UA,15100000,7224890804,2605
PORKMODZ,UCSn0_ckKBvHeZLokQjjVXww,2015-08-15T19:51:13Z,,IT,1610000,953062290,3499
Andre se hace Gamer,UC45TGakhd-QcI_Y3WLMz3-g,2014-08-19T06:41:02Z,,US,6940000,3378831111,1160
LosPolinesios,UCs8qka8tfhdc69wzXYdtZ3A,2012-12-16T21:39:34Z,,,26200000,7788014509,1020
Live concert,UC1iFoV-P3Wh-3SVBWxIIyEA,2013-07-25T15:49:01Z,,TH,389000,215456217,173
